DateID,BrandID,BrandName,Country,ModelID,ModelName,BodyStyle,Segment,PowertrainDefault,RegionID,UnitsSold,AvgTransactionPriceUSD,RevenueUSD,IncentivesUSD
202401,1,Lexus,Japan,101,ES,Sedan,Luxury Sedan,ICE/Hybrid,1,886,47640.57,42209543.39,1254055.85
202401,1,Lexus,Japan,102,IS,Sedan,Luxury Compact,ICE,1,359,47595.59,17086815.43,669137.51
202401,1,Lexus,Japan,103,RX,SUV,Midsize SUV,Hybrid,1,1909,59794.79,114148246.63,3111653.45
202401,1,Lexus,Japan,104,NX,SUV,Compact SUV,Hybrid,1,1326,46434.14,61571672.28,1436979.0
202401,1,Lexus,Japan,105,GX,SUV,Off-road SUV,ICE,1,370,69764.19,25812749.2,390833.7
202401,1,Lexus,Japan,106,LX,SUV,Full-size SUV,ICE,1,85,110690.78,9408716.24,111032.98
202401,1,Lexus,Japan,107,UX,SUV,Subcompact SUV,Hybrid,1,561,40548.53,22747723.33,635469.59
202401,1,Lexus,Japan,108,RZ,SUV,EV SUV,BEV,1,264,59824.19,15793585.67,337261.16
202401,1,Lexus,Japan,101,ES,Sedan,Luxury Sedan,ICE/Hybrid,2,629,51060.58,32117106.79,815534.24
202401,1,Lexus,Japan,102,IS,Sedan,Luxury Compact,ICE,2,349,50701.24,17694731.09,622002.83
202401,1,Lexus,Japan,103,RX,SUV,Midsize SUV,Hybrid,2,1486,57927.76,86080648.72,1471081.87
202401,1,Lexus,Japan,104,NX,SUV,Compact SUV,Hybrid,2,991,46482.55,46064205.23,1350384.36
202401,1,Lexus,Japan,105,GX,SUV,Off-road SUV,ICE,2,518,71526.13,37050537.0,691938.48
202401,1,Lexus,Japan,106,LX,SUV,Full-size SUV,ICE,2,232,116346.82,26992462.19,291865.36
202401,1,Lexus,Japan,107,UX,SUV,Subcompact SUV,Hybrid,2,635,40241.11,25553107.26,796716.81
202401,1,Lexus,Japan,108,RZ,SUV,EV SUV,BEV,2,200,60999.72,12199944.34,251179.78
202401,1,Lexus,Japan,101,ES,Sedan,Luxury Sedan,ICE/Hybrid,3,793,46745.01,37068789.2,1337284.9
202401,1,Lexus,Japan,102,IS,Sedan,Luxury Compact,ICE,3,420,48685.24,20447802.61,658502.3
202401,1,Lexus,Japan,103,RX,SUV,Midsize SUV,Hybrid,3,1580,57905.38,91490504.29,1587348.37
202401,1,Lexus,Japan,104,NX,SUV,Compact SUV,Hybrid,3,1098,47380.24,52023503.01,1330666.23
202401,1,Lexus,Japan,105,GX,SUV,Off-road SUV,ICE,3,366,68432.32,25046229.94,460612.14
202401,1,Lexus,Japan,106,LX,SUV,Full-size SUV,ICE,3,174,88955.04,15478176.43,169818.93
202401,1,Lexus,Japan,107,UX,SUV,Subcompact SUV,Hybrid,3,416,36541.76,15201371.28,431373.92
202401,1,Lexus,Japan,108,RZ,SUV,EV SUV,BEV,3,193,57938.01,11182035.94,159227.0
202401,1,Lexus,Japan,101,ES,Sedan,Luxury Sedan,ICE/Hybrid,4,130,54645.01,7103851.18,138789.93
202401,1,Lexus,Japan,102,IS,Sedan,Luxury Compact,ICE,4,96,48320.11,4638730.89,107870.63
202401,1,Lexus,Japan,103,RX,SUV,Midsize SUV,Hybrid,4,324,64736.32,20974567.86,342595.82
202401,1,Lexus,Japan,104,NX,SUV,Compact SUV,Hybrid,4,229,46665.61,10686424.24,220412.23
202401,1,Lexus,Japan,105,GX,SUV,Off-road SUV,ICE,4,98,68621.64,6724920.26,102832.01
202401,1,Lexus,Japan,106,LX,SUV,Full-size SUV,ICE,4,46,108234.68,4978795.3,43253.93
202401,1,Lexus,Japan,107,UX,SUV,Subcompact SUV,Hybrid,4,110,40455.71,4450127.84,103846.2
202401,1,Lexus,Japan,108,RZ,SUV,EV SUV,BEV,4,47,60102.84,2824833.34,31517.14
202401,1,Lexus,Japan,101,ES,Sedan,Luxury Sedan,ICE/Hybrid,5,126,46784.47,5894842.86,155149.41
202401,1,Lexus,Japan,102,IS,Sedan,Luxury Compact,ICE,5,67,43391.0,2907196.99,80598.02
202401,1,Lexus,Japan,103,RX,SUV,Midsize SUV,Hybrid,5,343,55196.89,18932532.34,223959.93
202401,1,Lexus,Japan,104,NX,SUV,Compact SUV,Hybrid,5,203,42806.59,8689737.35,217315.32
202401,1,Lexus,Japan,105,GX,SUV,Off-road SUV,ICE,5,103,61251.08,6308861.04,73409.41
202401,1,Lexus,Japan,106,LX,SUV,Full-size SUV,ICE,5,74,103514.84,7660098.07,67153.73
202401,1,Lexus,Japan,107,UX,SUV,Subcompact SUV,Hybrid,5,92,36662.93,3372989.59,94267.21
202401,1,Lexus,Japan,108,RZ,SUV,EV SUV,BEV,5,72,54629.36,3933313.81,69777.86
202401,2,BMW,Germany,201,3 Series,Sedan,Luxury Compact,ICE/PHEV,1,1431,48876.52,69942303.92,1996519.2
202401,2,BMW,Germany,202,5 Series,Sedan,Luxury Sedan,ICE/PHEV,1,1144,68715.92,78611009.16,1454494.54
202401,2,BMW,Germany,203,7 Series,Sedan,Flagship Sedan,ICE/PHEV,1,354,113136.55,40050338.44,562466.62
202401,2,BMW,Germany,204,X3,SUV,Compact SUV,ICE/PHEV,1,1970,59544.15,117301978.15,2050210.03
202401,2,BMW,Germany,205,X5,SUV,Midsize SUV,ICE/PHEV,1,1886,85002.91,160315488.69,2924214.34
202401,2,BMW,Germany,206,X7,SUV,Full-size SUV,ICE,1,535,104599.75,55960866.21,1134902.02
202401,2,BMW,Germany,207,i4,Sedan,EV Sedan,BEV,1,791,68880.88,54484773.07,1089900.72
202401,2,BMW,Germany,208,iX,SUV,EV SUV,BEV,1,209,90522.81,18919267.13,291266.72
202401,2,BMW,Germany,201,3 Series,Sedan,Luxury Compact,ICE/PHEV,2,1392,50604.05,70440837.34,1918764.85
202401,2,BMW,Germany,202,5 Series,Sedan,Luxury Sedan,ICE/PHEV,2,998,67429.43,67294573.23,1567031.35
202401,2,BMW,Germany,203,7 Series,Sedan,Flagship Sedan,ICE/PHEV,2,210,122936.99,25816767.06,321839.41
202401,2,BMW,Germany,204,X3,SUV,Compact SUV,ICE/PHEV,2,1645,52694.41,86682301.04,1768664.69
202401,2,BMW,Germany,205,X5,SUV,Midsize SUV,ICE/PHEV,2,1828,75909.67,138762872.88,1752541.64
202401,2,BMW,Germany,206,X7,SUV,Full-size SUV,ICE,2,478,111977.85,53525413.63,827952.13
202401,2,BMW,Germany,207,i4,Sedan,EV Sedan,BEV,2,506,70283.03,35563211.23,865068.88
202401,2,BMW,Germany,208,iX,SUV,EV SUV,BEV,2,223,92093.93,20536945.29,319535.2
202401,2,BMW,Germany,201,3 Series,Sedan,Luxury Compact,ICE/PHEV,3,1608,55672.28,89521027.74,2742115.22
202401,2,BMW,Germany,202,5 Series,Sedan,Luxury Sedan,ICE/PHEV,3,1060,71894.65,76208328.59,1402704.76
202401,2,BMW,Germany,203,7 Series,Sedan,Flagship Sedan,ICE/PHEV,3,303,108825.95,32974264.24,498086.67
202401,2,BMW,Germany,204,X3,SUV,Compact SUV,ICE/PHEV,3,1602,56342.29,90260355.02,1582041.28
202401,2,BMW,Germany,205,X5,SUV,Midsize SUV,ICE/PHEV,3,1772,74082.25,131273738.51,2084705.19
202401,2,BMW,Germany,206,X7,SUV,Full-size SUV,ICE,3,394,110155.61,43401312.14,441763.73
202401,2,BMW,Germany,207,i4,Sedan,EV Sedan,BEV,3,352,67485.38,23754855.16,366841.79
202401,2,BMW,Germany,208,iX,SUV,EV SUV,BEV,3,189,82525.45,15597310.04,277418.88
202401,2,BMW,Germany,201,3 Series,Sedan,Luxury Compact,ICE/PHEV,4,312,51983.67,16218906.16,395464.65
202401,2,BMW,Germany,202,5 Series,Sedan,Luxury Sedan,ICE/PHEV,4,210,67885.98,14256055.65,255804.57
202401,2,BMW,Germany,203,7 Series,Sedan,Flagship Sedan,ICE/PHEV,4,110,123747.75,13612252.35,86896.21
202401,2,BMW,Germany,204,X3,SUV,Compact SUV,ICE/PHEV,4,314,58389.5,18334304.03,248485.14
202401,2,BMW,Germany,205,X5,SUV,Midsize SUV,ICE/PHEV,4,321,85991.28,27603200.8,251782.62
202401,2,BMW,Germany,206,X7,SUV,Full-size SUV,ICE,4,116,122112.4,14165038.09,132608.94
202401,2,BMW,Germany,207,i4,Sedan,EV Sedan,BEV,4,99,69872.83,6917410.36,119406.5
202401,2,BMW,Germany,208,iX,SUV,EV SUV,BEV,4,78,90123.5,7029632.86,82500.82
202401,2,BMW,Germany,201,3 Series,Sedan,Luxury Compact,ICE/PHEV,5,291,50451.82,14681479.49,381943.86
202401,2,BMW,Germany,202,5 Series,Sedan,Luxury Sedan,ICE/PHEV,5,204,58509.04,11935843.75,264022.73
202401,2,BMW,Germany,203,7 Series,Sedan,Flagship Sedan,ICE/PHEV,5,92,102746.6,9452687.15,166516.62
202401,2,BMW,Germany,204,X3,SUV,Compact SUV,ICE/PHEV,5,353,52778.64,18630861.57,296056.08
202401,2,BMW,Germany,205,X5,SUV,Midsize SUV,ICE/PHEV,5,377,81225.29,30621932.82,267300.0
202401,2,BMW,Germany,206,X7,SUV,Full-size SUV,ICE,5,87,107865.76,9384320.97,94574.75
202401,2,BMW,Germany,207,i4,Sedan,EV Sedan,BEV,5,86,51266.36,4408907.16,96325.99
202401,2,BMW,Germany,208,iX,SUV,EV SUV,BEV,5,70,91525.57,6406790.05,39459.08
202402,1,Lexus,Japan,101,ES,Sedan,Luxury Sedan,ICE/Hybrid,1,829,48183.31,39943965.49,1117810.31
202402,1,Lexus,Japan,102,IS,Sedan,Luxury Compact,ICE,1,356,50715.98,18054889.36,871806.08
202402,1,Lexus,Japan,103,RX,SUV,Midsize SUV,Hybrid,1,1755,54599.03,95821297.15,2138873.85
202402,1,Lexus,Japan,104,NX,SUV,Compact SUV,Hybrid,1,1106,43461.73,48068676.08,1985703.39
202402,1,Lexus,Japan,105,GX,SUV,Off-road SUV,ICE,1,595,66344.69,39475087.83,745266.41
202402,1,Lexus,Japan,106,LX,SUV,Full-size SUV,ICE,1,29,113024.26,3277703.59,41747.26
202402,1,Lexus,Japan,107,UX,SUV,Subcompact SUV,Hybrid,1,368,37708.32,13876661.94,472217.12
202402,1,Lexus,Japan,108,RZ,SUV,EV SUV,BEV,1,562,54692.94,30737432.49,705030.25
202402,1,Lexus,Japan,101,ES,Sedan,Luxury Sedan,ICE/Hybrid,2,641,53943.78,34577960.38,845870.33
202402,1,Lexus,Japan,102,IS,Sedan,Luxury Compact,ICE,2,403,47569.54,19170525.31,594698.38
202402,1,Lexus,Japan,103,RX,SUV,Midsize SUV,Hybrid,2,1376,59056.71,81262036.53,2192434.09
202402,1,Lexus,Japan,104,NX,SUV,Compact SUV,Hybrid,2,997,48470.76,48325343.2,1006207.99
202402,1,Lexus,Japan,105,GX,SUV,Off-road SUV,ICE,2,573,70592.13,40449289.25,725010.84
202402,1,Lexus,Japan,106,LX,SUV,Full-size SUV,ICE,2,205,97168.89,19919621.93,307046.08
202402,1,Lexus,Japan,107,UX,SUV,Subcompact SUV,Hybrid,2,462,38127.36,17614840.21,609856.56
202402,1,Lexus,Japan,108,RZ,SUV,EV SUV,BEV,2,243,57324.41,13929832.31,347941.89
202402,1,Lexus,Japan,101,ES,Sedan,Luxury Sedan,ICE/Hybrid,3,752,48579.69,36531928.43,1264176.44
202402,1,Lexus,Japan,102,IS,Sedan,Luxury Compact,ICE,3,292,47274.8,13804242.67,378638.94
202402,1,Lexus,Japan,103,RX,SUV,Midsize SUV,Hybrid,3,1467,58560.95,85908910.79,1682060.22
202402,1,Lexus,Japan,104,NX,SUV,Compact SUV,Hybrid,3,1036,42529.73,44060800.72,709388.15
202402,1,Lexus,Japan,105,GX,SUV,Off-road SUV,ICE,3,510,66479.72,33904658.29,749013.44
202402,1,Lexus,Japan,106,LX,SUV,Full-size SUV,ICE,3,172,97204.04,16719094.77,219190.14
202402,1,Lexus,Japan,107,UX,SUV,Subcompact SUV,Hybrid,3,444,37205.67,16519319.22,473393.7
202402,1,Lexus,Japan,108,RZ,SUV,EV SUV,BEV,3,227,56952.17,12928142.79,228077.65
202402,1,Lexus,Japan,101,ES,Sedan,Luxury Sedan,ICE/Hybrid,4,150,53140.06,7971009.63,181996.37
202402,1,Lexus,Japan,102,IS,Sedan,Luxury Compact,ICE,4,83,50308.29,4175587.7,116027.09
202402,1,Lexus,Japan,103,RX,SUV,Midsize SUV,Hybrid,4,302,59729.16,18038205.18,337173.96
202402,1,Lexus,Japan,104,NX,SUV,Compact SUV,Hybrid,4,202,54149.69,10938238.19,196764.06
202402,1,Lexus,Japan,105,GX,SUV,Off-road SUV,ICE,4,98,75543.41,7403254.03,108797.03
202402,1,Lexus,Japan,106,LX,SUV,Full-size SUV,ICE,4,67,115712.89,7752763.83,74112.38
202402,1,Lexus,Japan,107,UX,SUV,Subcompact SUV,Hybrid,4,89,44528.73,3963057.3,84248.23
202402,1,Lexus,Japan,108,RZ,SUV,EV SUV,BEV,4,59,63936.01,3772224.66,50524.3
202402,1,Lexus,Japan,101,ES,Sedan,Luxury Sedan,ICE/Hybrid,5,183,47333.52,8662033.32,256998.21
202402,1,Lexus,Japan,102,IS,Sedan,Luxury Compact,ICE,5,100,45848.8,4584880.13,133967.79
202402,1,Lexus,Japan,103,RX,SUV,Midsize SUV,Hybrid,5,307,57831.54,17754284.31,340141.17
202402,1,Lexus,Japan,104,NX,SUV,Compact SUV,Hybrid,5,193,44575.46,8603062.92,112241.44
202402,1,Lexus,Japan,105,GX,SUV,Off-road SUV,ICE,5,108,71285.44,7698827.73,123721.3
202402,1,Lexus,Japan,106,LX,SUV,Full-size SUV,ICE,5,17,88281.21,1500780.56,22671.87
202402,1,Lexus,Japan,107,UX,SUV,Subcompact SUV,Hybrid,5,82,37949.82,3111885.3,98391.73
202402,1,Lexus,Japan,108,RZ,SUV,EV SUV,BEV,5,60,55713.63,3342817.92,71575.49
202402,2,BMW,Germany,201,3 Series,Sedan,Luxury Compact,ICE/PHEV,1,1770,57297.4,101416401.71,2405257.56
202402,2,BMW,Germany,202,5 Series,Sedan,Luxury Sedan,ICE/PHEV,1,1157,65749.8,76072515.52,2380412.12
202402,2,BMW,Germany,203,7 Series,Sedan,Flagship Sedan,ICE/PHEV,1,357,112036.8,39997137.2,508325.6
202402,2,BMW,Germany,204,X3,SUV,Compact SUV,ICE/PHEV,1,1802,57583.32,103765136.21,2797075.08
202402,2,BMW,Germany,205,X5,SUV,Midsize SUV,ICE/PHEV,1,1621,75656.27,122638810.25,2732137.41
202402,2,BMW,Germany,206,X7,SUV,Full-size SUV,ICE,1,456,111532.81,50858960.03,707484.24
202402,2,BMW,Germany,207,i4,Sedan,EV Sedan,BEV,1,535,54132.61,28960948.7,1225205.96
202402,2,BMW,Germany,208,iX,SUV,EV SUV,BEV,1,462,93467.33,43181906.42,355292.49
202402,2,BMW,Germany,201,3 Series,Sedan,Luxury Compact,ICE/PHEV,2,1751,52837.26,92518044.66,2855963.23
202402,2,BMW,Germany,202,5 Series,Sedan,Luxury Sedan,ICE/PHEV,2,987,75305.38,74326411.1,1131900.02
202402,2,BMW,Germany,203,7 Series,Sedan,Flagship Sedan,ICE/PHEV,2,318,131159.71,41708786.3,481321.11
202402,2,BMW,Germany,204,X3,SUV,Compact SUV,ICE/PHEV,2,1858,54729.14,101686746.69,2442984.69
202402,2,BMW,Germany,205,X5,SUV,Midsize SUV,ICE/PHEV,2,1418,72920.03,103400604.94,1750606.59
202402,2,BMW,Germany,206,X7,SUV,Full-size SUV,ICE,2,264,97348.88,25700105.09,331927.95
202402,2,BMW,Germany,207,i4,Sedan,EV Sedan,BEV,2,287,55148.09,15827502.01,379939.69
202402,2,BMW,Germany,208,iX,SUV,EV SUV,BEV,2,257,88803.11,22822400.15,321042.86
202402,2,BMW,Germany,201,3 Series,Sedan,Luxury Compact,ICE/PHEV,3,1606,48631.6,78102348.65,1324847.82
202402,2,BMW,Germany,202,5 Series,Sedan,Luxury Sedan,ICE/PHEV,3,981,59641.31,58508124.64,1489768.8
202402,2,BMW,Germany,203,7 Series,Sedan,Flagship Sedan,ICE/PHEV,3,374,120447.95,45047531.85,521544.04
202402,2,BMW,Germany,204,X3,SUV,Compact SUV,ICE/PHEV,3,1593,55545.74,88484367.09,2196315.9
202402,2,BMW,Germany,205,X5,SUV,Midsize SUV,ICE/PHEV,3,1615,66565.01,107502491.62,1464599.23
202402,2,BMW,Germany,206,X7,SUV,Full-size SUV,ICE,3,568,91872.76,52183725.51,600904.8
202402,2,BMW,Germany,207,i4,Sedan,EV Sedan,BEV,3,224,64105.12,14359546.56,307043.18
202402,2,BMW,Germany,208,iX,SUV,EV SUV,BEV,3,179,95373.95,17071937.52,169380.53
202402,2,BMW,Germany,201,3 Series,Sedan,Luxury Compact,ICE/PHEV,4,273,50788.47,13865251.22,320442.67
202402,2,BMW,Germany,202,5 Series,Sedan,Luxury Sedan,ICE/PHEV,4,196,75588.73,14815391.37,271589.24
202402,2,BMW,Germany,203,7 Series,Sedan,Flagship Sedan,ICE/PHEV,4,53,105566.1,5595003.45,57940.66
202402,2,BMW,Germany,204,X3,SUV,Compact SUV,ICE/PHEV,4,378,63964.92,24178739.72,313416.18
202402,2,BMW,Germany,205,X5,SUV,Midsize SUV,ICE/PHEV,4,407,90986.23,37031396.48,375315.51
202402,2,BMW,Germany,206,X7,SUV,Full-size SUV,ICE,4,52,114674.46,5963072.03,53683.99
202402,2,BMW,Germany,207,i4,Sedan,EV Sedan,BEV,4,125,73860.43,9232553.87,141430.35
202402,2,BMW,Germany,208,iX,SUV,EV SUV,BEV,4,46,98872.61,4548140.13,53978.45
202402,2,BMW,Germany,201,3 Series,Sedan,Luxury Compact,ICE/PHEV,5,267,47555.89,12697422.48,401488.18
202402,2,BMW,Germany,202,5 Series,Sedan,Luxury Sedan,ICE/PHEV,5,224,63097.62,14133867.06,301454.15
202402,2,BMW,Germany,203,7 Series,Sedan,Flagship Sedan,ICE/PHEV,5,66,108684.03,7173146.12,88552.56
202402,2,BMW,Germany,204,X3,SUV,Compact SUV,ICE/PHEV,5,300,50821.78,15246535.05,204665.07
202402,2,BMW,Germany,205,X5,SUV,Midsize SUV,ICE/PHEV,5,313,76504.49,23945905.85,244939.99
202402,2,BMW,Germany,206,X7,SUV,Full-size SUV,ICE,5,137,86527.71,11854295.62,131204.46
202402,2,BMW,Germany,207,i4,Sedan,EV Sedan,BEV,5,154,57507.67,8856180.99,232543.63
202402,2,BMW,Germany,208,iX,SUV,EV SUV,BEV,5,69,87689.03,6050543.12,75478.28
202403,1,Lexus,Japan,101,ES,Sedan,Luxury Sedan,ICE/Hybrid,1,785,48803.29,38310580.04,1343407.34
202403,1,Lexus,Japan,102,IS,Sedan,Luxury Compact,ICE,1,443,50156.94,22219524.34,742099.45
202403,1,Lexus,Japan,103,RX,SUV,Midsize SUV,Hybrid,1,1809,62289.51,112681732.23,2359631.78
202403,1,Lexus,Japan,104,NX,SUV,Compact SUV,Hybrid,1,1265,47202.75,59711480.2,1398637.56
202403,1,Lexus,Japan,105,GX,SUV,Off-road SUV,ICE,1,555,66402.31,36853281.87,602634.14
202403,1,Lexus,Japan,106,LX,SUV,Full-size SUV,ICE,1,365,102353.54,37359042.52,543278.27
202403,1,Lexus,Japan,107,UX,SUV,Subcompact SUV,Hybrid,1,400,36432.35,14572941.95,647381.57
202403,1,Lexus,Japan,108,RZ,SUV,EV SUV,BEV,1,298,54333.41,16191355.44,369901.92
202403,1,Lexus,Japan,101,ES,Sedan,Luxury Sedan,ICE/Hybrid,2,824,50156.47,41328929.4,1087787.07
202403,1,Lexus,Japan,102,IS,Sedan,Luxury Compact,ICE,2,408,48129.59,19636874.06,309618.06
202403,1,Lexus,Japan,103,RX,SUV,Midsize SUV,Hybrid,2,1763,65757.16,115929865.6,3182397.92
202403,1,Lexus,Japan,104,NX,SUV,Compact SUV,Hybrid,2,904,52207.1,47195219.63,958336.66
202403,1,Lexus,Japan,105,GX,SUV,Off-road SUV,ICE,2,516,75208.68,38807676.93,417836.37
202403,1,Lexus,Japan,106,LX,SUV,Full-size SUV,ICE,2,6,104680.84,628085.07,7349.22
202403,1,Lexus,Japan,107,UX,SUV,Subcompact SUV,Hybrid,2,332,37867.58,12572037.94,464036.91
202403,1,Lexus,Japan,108,RZ,SUV,EV SUV,BEV,2,427,60008.06,25623440.04,583743.8
202403,1,Lexus,Japan,101,ES,Sedan,Luxury Sedan,ICE/Hybrid,3,622,47983.61,29845803.12,1043333.63
202403,1,Lexus,Japan,102,IS,Sedan,Luxury Compact,ICE,3,483,49281.56,23802995.89,680113.02
202403,1,Lexus,Japan,103,RX,SUV,Midsize SUV,Hybrid,3,1640,57059.46,93577520.24,1637706.69
202403,1,Lexus,Japan,104,NX,SUV,Compact SUV,Hybrid,3,890,42933.08,38210442.26,871375.02
202403,1,Lexus,Japan,105,GX,SUV,Off-road SUV,ICE,3,406,61372.59,24917269.71,295447.91
202403,1,Lexus,Japan,106,LX,SUV,Full-size SUV,ICE,3,329,95355.45,31371944.23,315437.45
202403,1,Lexus,Japan,107,UX,SUV,Subcompact SUV,Hybrid,3,425,38728.3,16459526.49,230048.86
202403,1,Lexus,Japan,108,RZ,SUV,EV SUV,BEV,3,385,53414.6,20564620.29,269709.7
202403,1,Lexus,Japan,101,ES,Sedan,Luxury Sedan,ICE/Hybrid,4,141,52100.74,7346204.65,180058.07
202403,1,Lexus,Japan,102,IS,Sedan,Luxury Compact,ICE,4,97,51764.47,5021153.4,122150.51
202403,1,Lexus,Japan,103,RX,SUV,Midsize SUV,Hybrid,4,338,65984.91,22302899.39,318592.43
202403,1,Lexus,Japan,104,NX,SUV,Compact SUV,Hybrid,4,222,54672.21,12137230.4,179663.38
202403,1,Lexus,Japan,105,GX,SUV,Off-road SUV,ICE,4,110,79077.11,8698481.99,78221.62
202403,1,Lexus,Japan,106,LX,SUV,Full-size SUV,ICE,4,50,109643.35,5482167.68,42862.29
202403,1,Lexus,Japan,107,UX,SUV,Subcompact SUV,Hybrid,4,80,39193.97,3135517.58,75669.11
202403,1,Lexus,Japan,108,RZ,SUV,EV SUV,BEV,4,72,63669.31,4584190.17,69856.45
202403,1,Lexus,Japan,101,ES,Sedan,Luxury Sedan,ICE/Hybrid,5,140,44684.74,6255864.11,186295.57
202403,1,Lexus,Japan,102,IS,Sedan,Luxury Compact,ICE,5,110,47425.17,5216768.98,144687.59
202403,1,Lexus,Japan,103,RX,SUV,Midsize SUV,Hybrid,5,354,59694.44,21131832.06,461594.6
202403,1,Lexus,Japan,104,NX,SUV,Compact SUV,Hybrid,5,221,44436.31,9820423.58,213561.15
202403,1,Lexus,Japan,105,GX,SUV,Off-road SUV,ICE,5,98,70914.26,6949597.55,49773.38
202403,1,Lexus,Japan,106,LX,SUV,Full-size SUV,ICE,5,57,108376.27,6177447.19,54581.6
202403,1,Lexus,Japan,107,UX,SUV,Subcompact SUV,Hybrid,5,105,39140.77,4109780.66,123039.97
202403,1,Lexus,Japan,108,RZ,SUV,EV SUV,BEV,5,25,55474.76,1386868.92,19249.23
202403,2,BMW,Germany,201,3 Series,Sedan,Luxury Compact,ICE/PHEV,1,1618,55550.77,89881152.98,2438064.19
202403,2,BMW,Germany,202,5 Series,Sedan,Luxury Sedan,ICE/PHEV,1,1278,74783.1,95572805.05,2193631.31
202403,2,BMW,Germany,203,7 Series,Sedan,Flagship Sedan,ICE/PHEV,1,638,124359.59,79341419.95,1143128.76
202403,2,BMW,Germany,204,X3,SUV,Compact SUV,ICE/PHEV,1,1727,57730.5,99700579.81,2884906.84
202403,2,BMW,Germany,205,X5,SUV,Midsize SUV,ICE/PHEV,1,1987,79775.62,158514155.62,2274977.49
202403,2,BMW,Germany,206,X7,SUV,Full-size SUV,ICE,1,851,117741.05,100197633.56,1301863.87
202403,2,BMW,Germany,207,i4,Sedan,EV Sedan,BEV,1,326,52665.47,17168944.23,386786.2
202403,2,BMW,Germany,208,iX,SUV,EV SUV,BEV,1,215,82876.57,17818463.09,222646.54
202403,2,BMW,Germany,201,3 Series,Sedan,Luxury Compact,ICE/PHEV,2,1629,56532.92,92092125.51,2264044.3
202403,2,BMW,Germany,202,5 Series,Sedan,Luxury Sedan,ICE/PHEV,2,887,63070.88,55943867.87,1390131.56
202403,2,BMW,Germany,203,7 Series,Sedan,Flagship Sedan,ICE/PHEV,2,389,121423.4,47233703.11,629318.0
202403,2,BMW,Germany,204,X3,SUV,Compact SUV,ICE/PHEV,2,1622,56085.66,90970935.15,1779480.66
202403,2,BMW,Germany,205,X5,SUV,Midsize SUV,ICE/PHEV,2,1546,86569.45,133836368.67,1453013.49
202403,2,BMW,Germany,206,X7,SUV,Full-size SUV,ICE,2,591,121362.61,71725299.9,947215.94
202403,2,BMW,Germany,207,i4,Sedan,EV Sedan,BEV,2,595,70728.21,42083287.5,832216.2
202403,2,BMW,Germany,208,iX,SUV,EV SUV,BEV,2,301,97257.05,29274372.88,337836.08
202403,2,BMW,Germany,201,3 Series,Sedan,Luxury Compact,ICE/PHEV,3,1446,49254.78,71222416.18,1842351.26
202403,2,BMW,Germany,202,5 Series,Sedan,Luxury Sedan,ICE/PHEV,3,1014,60811.27,61662630.61,1509270.83
202403,2,BMW,Germany,203,7 Series,Sedan,Flagship Sedan,ICE/PHEV,3,132,122431.22,16160921.65,140457.77
202403,2,BMW,Germany,204,X3,SUV,Compact SUV,ICE/PHEV,3,1724,54436.39,93848343.98,1925687.15
202403,2,BMW,Germany,205,X5,SUV,Midsize SUV,ICE/PHEV,3,1716,86290.83,148075071.24,2566725.24
202403,2,BMW,Germany,206,X7,SUV,Full-size SUV,ICE,3,224,92150.39,20641686.74,325981.54
202403,2,BMW,Germany,207,i4,Sedan,EV Sedan,BEV,3,625,52144.82,32590512.52,926333.32
202403,2,BMW,Germany,208,iX,SUV,EV SUV,BEV,3,679,80671.68,54776068.88,600551.31
202403,2,BMW,Germany,201,3 Series,Sedan,Luxury Compact,ICE/PHEV,4,343,53057.09,18198582.92,300765.84
202403,2,BMW,Germany,202,5 Series,Sedan,Luxury Sedan,ICE/PHEV,4,277,78790.49,21824965.81,303441.38
202403,2,BMW,Germany,203,7 Series,Sedan,Flagship Sedan,ICE/PHEV,4,57,125754.13,7167985.18,77347.22
202403,2,BMW,Germany,204,X3,SUV,Compact SUV,ICE/PHEV,4,314,60120.98,18877987.56,256608.66
202403,2,BMW,Germany,205,X5,SUV,Midsize SUV,ICE/PHEV,4,370,77630.17,28723161.58,417049.78
202403,2,BMW,Germany,206,X7,SUV,Full-size SUV,ICE,4,71,101289.67,7191566.87,101992.95
202403,2,BMW,Germany,207,i4,Sedan,EV Sedan,BEV,4,107,66454.29,7110608.57,136696.85
202403,2,BMW,Germany,208,iX,SUV,EV SUV,BEV,4,81,102836.45,8329752.64,90991.77
202403,2,BMW,Germany,201,3 Series,Sedan,Luxury Compact,ICE/PHEV,5,329,54633.4,17974389.1,441432.92
202403,2,BMW,Germany,202,5 Series,Sedan,Luxury Sedan,ICE/PHEV,5,256,63169.86,16171483.65,378191.72
202403,2,BMW,Germany,203,7 Series,Sedan,Flagship Sedan,ICE/PHEV,5,46,117641.79,5411522.25,50568.96
202403,2,BMW,Germany,204,X3,SUV,Compact SUV,ICE/PHEV,5,327,46979.28,15362223.42,172304.26
202403,2,BMW,Germany,205,X5,SUV,Midsize SUV,ICE/PHEV,5,326,65081.84,21216679.83,269122.56
202403,2,BMW,Germany,206,X7,SUV,Full-size SUV,ICE,5,117,100208.5,11724394.77,147011.11
202403,2,BMW,Germany,207,i4,Sedan,EV Sedan,BEV,5,155,50271.42,7792070.76,163672.57
202403,2,BMW,Germany,208,iX,SUV,EV SUV,BEV,5,64,84475.02,5406401.59,79548.76
202404,1,Lexus,Japan,101,ES,Sedan,Luxury Sedan,ICE/Hybrid,1,751,47006.17,35301630.15,1195637.24
202404,1,Lexus,Japan,102,IS,Sedan,Luxury Compact,ICE,1,385,48426.51,18644207.91,469716.77
202404,1,Lexus,Japan,103,RX,SUV,Midsize SUV,Hybrid,1,1940,57881.94,112290969.77,2373566.9
202404,1,Lexus,Japan,104,NX,SUV,Compact SUV,Hybrid,1,1220,50412.04,61502685.22,1578131.97
202404,1,Lexus,Japan,105,GX,SUV,Off-road SUV,ICE,1,704,66514.87,46826465.79,487729.15
202404,1,Lexus,Japan,106,LX,SUV,Full-size SUV,ICE,1,248,101996.59,25295153.08,264419.14
202404,1,Lexus,Japan,107,UX,SUV,Subcompact SUV,Hybrid,1,649,37369.52,24252816.7,907114.71
202404,1,Lexus,Japan,108,RZ,SUV,EV SUV,BEV,1,183,59582.31,10903562.31,184181.4
202404,1,Lexus,Japan,101,ES,Sedan,Luxury Sedan,ICE/Hybrid,2,614,49514.24,30401742.4,672349.65
202404,1,Lexus,Japan,102,IS,Sedan,Luxury Compact,ICE,2,464,51808.1,24038957.13,812202.47
202404,1,Lexus,Japan,103,RX,SUV,Midsize SUV,Hybrid,2,1572,62079.05,97588272.69,1485295.15
202404,1,Lexus,Japan,104,NX,SUV,Compact SUV,Hybrid,2,1101,53019.07,58373997.17,1348459.33
202404,1,Lexus,Japan,105,GX,SUV,Off-road SUV,ICE,2,502,77644.53,38977554.59,827998.11
202404,1,Lexus,Japan,106,LX,SUV,Full-size SUV,ICE,2,238,98772.02,23507739.93,263482.86
202404,1,Lexus,Japan,107,UX,SUV,Subcompact SUV,Hybrid,2,486,43189.6,20990144.0,584591.33
202404,1,Lexus,Japan,108,RZ,SUV,EV SUV,BEV,2,343,62488.4,21433521.27,324557.93
202404,1,Lexus,Japan,101,ES,Sedan,Luxury Sedan,ICE/Hybrid,3,841,48088.73,40442620.13,1275379.19
202404,1,Lexus,Japan,102,IS,Sedan,Luxury Compact,ICE,3,538,44635.82,24014073.08,767552.8
202404,1,Lexus,Japan,103,RX,SUV,Midsize SUV,Hybrid,3,1500,55975.94,83963912.61,1648222.11
202404,1,Lexus,Japan,104,NX,SUV,Compact SUV,Hybrid,3,844,42781.78,36107822.34,668478.2
202404,1,Lexus,Japan,105,GX,SUV,Off-road SUV,ICE,3,544,70475.01,38338406.39,799149.03
202404,1,Lexus,Japan,106,LX,SUV,Full-size SUV,ICE,3,245,95970.25,23512711.91,278668.64
202404,1,Lexus,Japan,107,UX,SUV,Subcompact SUV,Hybrid,3,459,38771.72,17796221.14,496964.79
202404,1,Lexus,Japan,108,RZ,SUV,EV SUV,BEV,3,349,53765.07,18764007.94,291055.16
202404,1,Lexus,Japan,101,ES,Sedan,Luxury Sedan,ICE/Hybrid,4,163,55090.57,8979762.38,197041.32
202404,1,Lexus,Japan,102,IS,Sedan,Luxury Compact,ICE,4,89,52166.14,4642786.56,87532.8
202404,1,Lexus,Japan,103,RX,SUV,Midsize SUV,Hybrid,4,302,60410.79,18244059.38,244855.67
202404,1,Lexus,Japan,104,NX,SUV,Compact SUV,Hybrid,4,219,51301.87,11235110.28,232631.52
202404,1,Lexus,Japan,105,GX,SUV,Off-road SUV,ICE,4,108,76281.04,8238352.67,65087.12
202404,1,Lexus,Japan,106,LX,SUV,Full-size SUV,ICE,4,84,96785.79,8130006.74,97367.78
202404,1,Lexus,Japan,107,UX,SUV,Subcompact SUV,Hybrid,4,119,40004.82,4760573.71,138654.92
202404,1,Lexus,Japan,108,RZ,SUV,EV SUV,BEV,4,56,59408.53,3326877.46,44295.49
202404,1,Lexus,Japan,101,ES,Sedan,Luxury Sedan,ICE/Hybrid,5,134,47094.27,6310632.11,165095.68
202404,1,Lexus,Japan,102,IS,Sedan,Luxury Compact,ICE,5,98,48043.59,4708271.81,130216.33
202404,1,Lexus,Japan,103,RX,SUV,Midsize SUV,Hybrid,5,348,54788.07,19066248.44,308514.51
202404,1,Lexus,Japan,104,NX,SUV,Compact SUV,Hybrid,5,256,48351.74,12378044.42,239251.6
202404,1,Lexus,Japan,105,GX,SUV,Off-road SUV,ICE,5,138,67978.34,9381010.27,148771.71
202404,1,Lexus,Japan,106,LX,SUV,Full-size SUV,ICE,5,42,108336.8,4550145.76,38544.92
202404,1,Lexus,Japan,107,UX,SUV,Subcompact SUV,Hybrid,5,74,35337.39,2614966.81,57206.3
202404,1,Lexus,Japan,108,RZ,SUV,EV SUV,BEV,5,50,53977.87,2698893.25,31217.9
202404,2,BMW,Germany,201,3 Series,Sedan,Luxury Compact,ICE/PHEV,1,1822,56943.71,103751432.7,2629063.5
202404,2,BMW,Germany,202,5 Series,Sedan,Luxury Sedan,ICE/PHEV,1,1277,71971.46,91907556.38,1992474.94
202404,2,BMW,Germany,203,7 Series,Sedan,Flagship Sedan,ICE/PHEV,1,342,101927.52,34859213.09,737106.22
202404,2,BMW,Germany,204,X3,SUV,Compact SUV,ICE/PHEV,1,2219,49254.54,109295826.57,4091595.37
202404,2,BMW,Germany,205,X5,SUV,Midsize SUV,ICE/PHEV,1,1513,75674.33,114495257.73,2726826.99
202404,2,BMW,Germany,206,X7,SUV,Full-size SUV,ICE,1,617,116627.13,71958940.85,836677.24
202404,2,BMW,Germany,207,i4,Sedan,EV Sedan,BEV,1,920,57744.38,53124834.01,2322249.98
202404,2,BMW,Germany,208,iX,SUV,EV SUV,BEV,1,250,92457.81,23114452.18,281375.56
202404,2,BMW,Germany,201,3 Series,Sedan,Luxury Compact,ICE/PHEV,2,1664,57256.69,95275135.4,1690221.76
202404,2,BMW,Germany,202,5 Series,Sedan,Luxury Sedan,ICE/PHEV,2,1007,78039.65,78585927.22,1263276.61
202404,2,BMW,Germany,203,7 Series,Sedan,Flagship Sedan,ICE/PHEV,2,229,103812.25,23773005.52,340155.96
202404,2,BMW,Germany,204,X3,SUV,Compact SUV,ICE/PHEV,2,1806,61625.97,111296495.32,1854081.97
202404,2,BMW,Germany,205,X5,SUV,Midsize SUV,ICE/PHEV,2,1673,75230.43,125860505.47,1446235.24
202404,2,BMW,Germany,206,X7,SUV,Full-size SUV,ICE,2,497,110943.39,55138863.58,523729.39
202404,2,BMW,Germany,207,i4,Sedan,EV Sedan,BEV,2,533,59503.41,31715319.11,836658.67
202404,2,BMW,Germany,208,iX,SUV,EV SUV,BEV,2,431,95200.19,41031280.31,595241.46
202404,2,BMW,Germany,201,3 Series,Sedan,Luxury Compact,ICE/PHEV,3,1712,56673.65,97025288.11,1883202.39
202404,2,BMW,Germany,202,5 Series,Sedan,Luxury Sedan,ICE/PHEV,3,869,72809.09,63271096.82,959377.85
202404,2,BMW,Germany,203,7 Series,Sedan,Flagship Sedan,ICE/PHEV,3,9,97996.09,881964.83,14671.02
202404,2,BMW,Germany,204,X3,SUV,Compact SUV,ICE/PHEV,3,1869,53980.24,100889074.5,966492.67
202404,2,BMW,Germany,205,X5,SUV,Midsize SUV,ICE/PHEV,3,1834,84724.26,155384299.13,1636967.4
202404,2,BMW,Germany,206,X7,SUV,Full-size SUV,ICE,3,493,104145.51,51343738.12,487139.49
202404,2,BMW,Germany,207,i4,Sedan,EV Sedan,BEV,3,591,55427.43,32757609.1,756395.53
202404,2,BMW,Germany,208,iX,SUV,EV SUV,BEV,3,463,95388.1,44164690.72,429615.9
202404,2,BMW,Germany,201,3 Series,Sedan,Luxury Compact,ICE/PHEV,4,311,51710.11,16081845.24,359178.16
202404,2,BMW,Germany,202,5 Series,Sedan,Luxury Sedan,ICE/PHEV,4,254,65811.35,16716082.93,308351.91
202404,2,BMW,Germany,203,7 Series,Sedan,Flagship Sedan,ICE/PHEV,4,16,128986.23,2063779.66,16794.38
202404,2,BMW,Germany,204,X3,SUV,Compact SUV,ICE/PHEV,4,387,57297.69,22174207.79,414522.05
202404,2,BMW,Germany,205,X5,SUV,Midsize SUV,ICE/PHEV,4,378,77725.82,29380361.22,437527.83
202404,2,BMW,Germany,206,X7,SUV,Full-size SUV,ICE,4,97,123627.84,11991900.7,120984.25
202404,2,BMW,Germany,207,i4,Sedan,EV Sedan,BEV,4,173,65864.18,11394502.9,254774.63
202404,2,BMW,Germany,208,iX,SUV,EV SUV,BEV,4,64,92454.78,5917105.96,57370.8
202404,2,BMW,Germany,201,3 Series,Sedan,Luxury Compact,ICE/PHEV,5,304,46026.84,13992158.75,387988.68
202404,2,BMW,Germany,202,5 Series,Sedan,Luxury Sedan,ICE/PHEV,5,237,70569.56,16724985.35,360862.8
202404,2,BMW,Germany,203,7 Series,Sedan,Flagship Sedan,ICE/PHEV,5,48,117460.81,5638118.99,64358.12
202404,2,BMW,Germany,204,X3,SUV,Compact SUV,ICE/PHEV,5,361,52343.65,18896058.72,279934.31
202404,2,BMW,Germany,205,X5,SUV,Midsize SUV,ICE/PHEV,5,429,69182.08,29679113.88,523299.14
202404,2,BMW,Germany,206,X7,SUV,Full-size SUV,ICE,5,94,88890.17,8355675.92,100106.9
202404,2,BMW,Germany,207,i4,Sedan,EV Sedan,BEV,5,130,54898.21,7136767.84,179307.43
202404,2,BMW,Germany,208,iX,SUV,EV SUV,BEV,5,77,85851.74,6610584.11,83274.64
202405,1,Lexus,Japan,101,ES,Sedan,Luxury Sedan,ICE/Hybrid,1,989,48706.94,48171159.05,1438176.05
202405,1,Lexus,Japan,102,IS,Sedan,Luxury Compact,ICE,1,645,47396.83,30570952.6,978395.16
202405,1,Lexus,Japan,103,RX,SUV,Midsize SUV,Hybrid,1,1797,59604.38,107109068.53,2371091.26
202405,1,Lexus,Japan,104,NX,SUV,Compact SUV,Hybrid,1,1546,49936.35,77201603.03,2728134.15
202405,1,Lexus,Japan,105,GX,SUV,Off-road SUV,ICE,1,201,74932.97,15061526.25,209915.44
202405,1,Lexus,Japan,106,LX,SUV,Full-size SUV,ICE,1,41,105975.34,4344988.99,53718.49
202405,1,Lexus,Japan,107,UX,SUV,Subcompact SUV,Hybrid,1,737,41960.21,30924675.5,920989.23
202405,1,Lexus,Japan,108,RZ,SUV,EV SUV,BEV,1,444,54372.38,24141336.12,698944.08
202405,1,Lexus,Japan,101,ES,Sedan,Luxury Sedan,ICE/Hybrid,2,795,52814.74,41987721.74,910902.63
202405,1,Lexus,Japan,102,IS,Sedan,Luxury Compact,ICE,2,420,50724.96,21304484.12,678653.83
202405,1,Lexus,Japan,103,RX,SUV,Midsize SUV,Hybrid,2,1683,59938.64,100876737.72,2116154.43
202405,1,Lexus,Japan,104,NX,SUV,Compact SUV,Hybrid,2,1155,51219.99,59159085.72,1494104.09
202405,1,Lexus,Japan,105,GX,SUV,Off-road SUV,ICE,2,635,65691.73,41714248.54,539072.28
202405,1,Lexus,Japan,106,LX,SUV,Full-size SUV,ICE,2,113,117927.8,13325841.61,127050.99
202405,1,Lexus,Japan,107,UX,SUV,Subcompact SUV,Hybrid,2,391,41957.97,16405567.45,554296.81
202405,1,Lexus,Japan,108,RZ,SUV,EV SUV,BEV,2,408,62669.47,25569145.51,672625.75
202405,1,Lexus,Japan,101,ES,Sedan,Luxury Sedan,ICE/Hybrid,3,873,47737.58,41674903.78,1097137.13
202405,1,Lexus,Japan,102,IS,Sedan,Luxury Compact,ICE,3,408,47118.74,19224447.45,551074.78
202405,1,Lexus,Japan,103,RX,SUV,Midsize SUV,Hybrid,3,1612,53729.0,86611152.59,1983997.74
202405,1,Lexus,Japan,104,NX,SUV,Compact SUV,Hybrid,3,1130,47584.07,53770003.43,1412676.1
202405,1,Lexus,Japan,105,GX,SUV,Off-road SUV,ICE,3,538,61031.2,32834783.25,431565.88
202405,1,Lexus,Japan,106,LX,SUV,Full-size SUV,ICE,3,224,93046.34,20842380.44,216682.46
202405,1,Lexus,Japan,107,UX,SUV,Subcompact SUV,Hybrid,3,559,40340.51,22550343.28,472279.63
202405,1,Lexus,Japan,108,RZ,SUV,EV SUV,BEV,3,256,56846.95,14552819.98,279485.18
202405,1,Lexus,Japan,101,ES,Sedan,Luxury Sedan,ICE/Hybrid,4,163,55388.14,9028266.04,124525.15
202405,1,Lexus,Japan,102,IS,Sedan,Luxury Compact,ICE,4,89,50060.75,4455406.83,106717.53
202405,1,Lexus,Japan,103,RX,SUV,Midsize SUV,Hybrid,4,378,60866.33,23007472.7,452665.16
202405,1,Lexus,Japan,104,NX,SUV,Compact SUV,Hybrid,4,250,49216.53,12304133.66,214981.95
202405,1,Lexus,Japan,105,GX,SUV,Off-road SUV,ICE,4,129,66687.95,8602745.44,110219.72
202405,1,Lexus,Japan,106,LX,SUV,Full-size SUV,ICE,4,58,119709.13,6943129.46,67119.18
202405,1,Lexus,Japan,107,UX,SUV,Subcompact SUV,Hybrid,4,124,41370.11,5129894.05,139020.83
202405,1,Lexus,Japan,108,RZ,SUV,EV SUV,BEV,4,9,63262.58,569363.22,6921.37
202405,1,Lexus,Japan,101,ES,Sedan,Luxury Sedan,ICE/Hybrid,5,194,49296.47,9563515.38,196158.63
202405,1,Lexus,Japan,102,IS,Sedan,Luxury Compact,ICE,5,115,47835.04,5501029.26,149304.52
202405,1,Lexus,Japan,103,RX,SUV,Midsize SUV,Hybrid,5,368,55409.2,20390583.85,267653.92
202405,1,Lexus,Japan,104,NX,SUV,Compact SUV,Hybrid,5,225,42182.15,9490983.67,236664.34
202405,1,Lexus,Japan,105,GX,SUV,Off-road SUV,ICE,5,101,62747.96,6337543.74,105560.04
202405,1,Lexus,Japan,106,LX,SUV,Full-size SUV,ICE,5,36,99416.58,3578996.97,35544.31
202405,1,Lexus,Japan,107,UX,SUV,Subcompact SUV,Hybrid,5,123,35447.48,4360040.37,113528.99
202405,1,Lexus,Japan,108,RZ,SUV,EV SUV,BEV,5,38,56205.25,2135799.44,33556.74
202405,2,BMW,Germany,201,3 Series,Sedan,Luxury Compact,ICE/PHEV,1,1909,57984.7,110692801.21,2670611.88
202405,2,BMW,Germany,202,5 Series,Sedan,Luxury Sedan,ICE/PHEV,1,1139,62309.45,70970467.81,2292497.91
202405,2,BMW,Germany,203,7 Series,Sedan,Flagship Sedan,ICE/PHEV,1,472,113970.39,53794022.78,702661.26
202405,2,BMW,Germany,204,X3,SUV,Compact SUV,ICE/PHEV,1,2390,59789.03,142895787.92,3315006.32
202405,2,BMW,Germany,205,X5,SUV,Midsize SUV,ICE/PHEV,1,2098,70173.94,147224932.2,3018945.37
202405,2,BMW,Germany,206,X7,SUV,Full-size SUV,ICE,1,538,98118.96,52788002.94,726493.05
202405,2,BMW,Germany,207,i4,Sedan,EV Sedan,BEV,1,458,63942.16,29285508.65,579608.09
202405,2,BMW,Germany,208,iX,SUV,EV SUV,BEV,1,436,96985.53,42285689.83,653844.06
202405,2,BMW,Germany,201,3 Series,Sedan,Luxury Compact,ICE/PHEV,2,1537,57756.59,88771878.99,2679630.2
202405,2,BMW,Germany,202,5 Series,Sedan,Luxury Sedan,ICE/PHEV,2,1012,68013.64,68829804.29,1803915.13
202405,2,BMW,Germany,203,7 Series,Sedan,Flagship Sedan,ICE/PHEV,2,317,113734.46,36053822.98,522919.0
202405,2,BMW,Germany,204,X3,SUV,Compact SUV,ICE/PHEV,2,1864,59214.65,110376115.39,1725440.64
202405,2,BMW,Germany,205,X5,SUV,Midsize SUV,ICE/PHEV,2,1767,89367.25,157911935.3,1521469.18
202405,2,BMW,Germany,206,X7,SUV,Full-size SUV,ICE,2,370,120368.77,44536444.82,564579.77
202405,2,BMW,Germany,207,i4,Sedan,EV Sedan,BEV,2,747,60677.21,45325878.41,1398271.63
202405,2,BMW,Germany,208,iX,SUV,EV SUV,BEV,2,646,101246.26,65405084.15,589111.81
202405,2,BMW,Germany,201,3 Series,Sedan,Luxury Compact,ICE/PHEV,3,1595,46065.59,73474619.34,1884160.74
202405,2,BMW,Germany,202,5 Series,Sedan,Luxury Sedan,ICE/PHEV,3,1161,70186.97,81487073.39,1519238.69
202405,2,BMW,Germany,203,7 Series,Sedan,Flagship Sedan,ICE/PHEV,3,340,112617.16,38289834.8,594507.61
202405,2,BMW,Germany,204,X3,SUV,Compact SUV,ICE/PHEV,3,1984,49831.05,98864801.51,2033844.78
202405,2,BMW,Germany,205,X5,SUV,Midsize SUV,ICE/PHEV,3,1739,85062.45,147923607.41,1528239.02
202405,2,BMW,Germany,206,X7,SUV,Full-size SUV,ICE,3,548,104044.89,57016598.58,507274.37
202405,2,BMW,Germany,207,i4,Sedan,EV Sedan,BEV,3,411,52596.22,21617045.27,539597.38
202405,2,BMW,Germany,208,iX,SUV,EV SUV,BEV,3,482,93374.75,45006628.96,527251.87
202405,2,BMW,Germany,201,3 Series,Sedan,Luxury Compact,ICE/PHEV,4,379,51689.57,19590348.85,490660.01
202405,2,BMW,Germany,202,5 Series,Sedan,Luxury Sedan,ICE/PHEV,4,261,67029.48,17494693.34,366394.08
202405,2,BMW,Germany,203,7 Series,Sedan,Flagship Sedan,ICE/PHEV,4,76,128261.03,9747838.24,93997.68
202405,2,BMW,Germany,204,X3,SUV,Compact SUV,ICE/PHEV,4,481,64086.87,30825785.5,487988.47
202405,2,BMW,Germany,205,X5,SUV,Midsize SUV,ICE/PHEV,4,328,87773.62,28789745.76,360656.78
202405,2,BMW,Germany,206,X7,SUV,Full-size SUV,ICE,4,38,108912.67,4138681.59,36490.18
202405,2,BMW,Germany,207,i4,Sedan,EV Sedan,BEV,4,112,74429.97,8336156.88,79500.46
202405,2,BMW,Germany,208,iX,SUV,EV SUV,BEV,4,95,91443.71,8687152.55,68645.66
202405,2,BMW,Germany,201,3 Series,Sedan,Luxury Compact,ICE/PHEV,5,342,45166.85,15447062.01,352531.6
202405,2,BMW,Germany,202,5 Series,Sedan,Luxury Sedan,ICE/PHEV,5,239,63928.24,15278848.66,298788.95
202405,2,BMW,Germany,203,7 Series,Sedan,Flagship Sedan,ICE/PHEV,5,17,102733.98,1746477.58,21368.48
202405,2,BMW,Germany,204,X3,SUV,Compact SUV,ICE/PHEV,5,355,55188.09,19591771.96,304618.55
202405,2,BMW,Germany,205,X5,SUV,Midsize SUV,ICE/PHEV,5,360,72070.32,25945316.34,395215.03
202405,2,BMW,Germany,206,X7,SUV,Full-size SUV,ICE,5,194,100374.68,19472687.22,143442.84
202405,2,BMW,Germany,207,i4,Sedan,EV Sedan,BEV,5,188,59046.03,11100653.05,207731.54
202405,2,BMW,Germany,208,iX,SUV,EV SUV,BEV,5,75,79029.95,5927246.59,76330.45
202406,1,Lexus,Japan,101,ES,Sedan,Luxury Sedan,ICE/Hybrid,1,735,47297.43,34763613.59,1603618.01
202406,1,Lexus,Japan,102,IS,Sedan,Luxury Compact,ICE,1,481,49100.4,23617292.05,631216.32
202406,1,Lexus,Japan,103,RX,SUV,Midsize SUV,Hybrid,1,2008,60115.74,120712412.11,3470532.15
202406,1,Lexus,Japan,104,NX,SUV,Compact SUV,Hybrid,1,1387,42991.57,59629307.18,1326389.75
202406,1,Lexus,Japan,105,GX,SUV,Off-road SUV,ICE,1,635,67918.28,43128105.56,911582.09
202406,1,Lexus,Japan,106,LX,SUV,Full-size SUV,ICE,1,461,93367.3,43042325.59,526044.8
202406,1,Lexus,Japan,107,UX,SUV,Subcompact SUV,Hybrid,1,720,37922.38,27304115.92,809357.26
202406,1,Lexus,Japan,108,RZ,SUV,EV SUV,BEV,1,293,54331.62,15919165.38,570602.57
202406,1,Lexus,Japan,101,ES,Sedan,Luxury Sedan,ICE/Hybrid,2,961,52602.74,50551231.79,1154315.01
202406,1,Lexus,Japan,102,IS,Sedan,Luxury Compact,ICE,2,643,53515.01,34410151.45,957356.89
202406,1,Lexus,Japan,103,RX,SUV,Midsize SUV,Hybrid,2,1911,64447.19,123158587.18,2489546.93
202406,1,Lexus,Japan,104,NX,SUV,Compact SUV,Hybrid,2,1292,54565.11,70498123.05,1259410.27
202406,1,Lexus,Japan,105,GX,SUV,Off-road SUV,ICE,2,564,70998.59,40043207.57,779548.71
202406,1,Lexus,Japan,106,LX,SUV,Full-size SUV,ICE,2,7,119401.94,835813.61,9379.2
202406,1,Lexus,Japan,107,UX,SUV,Subcompact SUV,Hybrid,2,411,42879.0,17623270.27,436733.47
202406,1,Lexus,Japan,108,RZ,SUV,EV SUV,BEV,2,91,62865.4,5720750.95,82261.08
202406,1,Lexus,Japan,101,ES,Sedan,Luxury Sedan,ICE/Hybrid,3,776,48947.72,37983432.83,1341554.15
202406,1,Lexus,Japan,102,IS,Sedan,Luxury Compact,ICE,3,474,46903.47,22232245.69,751335.69
202406,1,Lexus,Japan,103,RX,SUV,Midsize SUV,Hybrid,3,1557,58504.38,91091313.1,1537173.77
202406,1,Lexus,Japan,104,NX,SUV,Compact SUV,Hybrid,3,1099,50301.24,55281063.06,1144496.39
202406,1,Lexus,Japan,105,GX,SUV,Off-road SUV,ICE,3,610,65277.48,39819263.38,791561.82
202406,1,Lexus,Japan,106,LX,SUV,Full-size SUV,ICE,3,287,102114.39,29306829.54,258499.47
202406,1,Lexus,Japan,107,UX,SUV,Subcompact SUV,Hybrid,3,663,39153.47,25958750.64,607829.72
202406,1,Lexus,Japan,108,RZ,SUV,EV SUV,BEV,3,414,54805.81,22689604.27,519264.18
202406,1,Lexus,Japan,101,ES,Sedan,Luxury Sedan,ICE/Hybrid,4,167,51667.21,8628424.01,172475.69
202406,1,Lexus,Japan,102,IS,Sedan,Luxury Compact,ICE,4,137,55097.01,7548290.56,182216.82
202406,1,Lexus,Japan,103,RX,SUV,Midsize SUV,Hybrid,4,348,64221.97,22349244.15,441052.81
202406,1,Lexus,Japan,104,NX,SUV,Compact SUV,Hybrid,4,263,55057.06,14480007.53,232757.91
202406,1,Lexus,Japan,105,GX,SUV,Off-road SUV,ICE,4,122,80180.03,9781963.42,101904.14
202406,1,Lexus,Japan,106,LX,SUV,Full-size SUV,ICE,4,67,96423.55,6460378.04,56283.36
202406,1,Lexus,Japan,107,UX,SUV,Subcompact SUV,Hybrid,4,97,42888.29,4160164.01,100175.74
202406,1,Lexus,Japan,108,RZ,SUV,EV SUV,BEV,4,59,57950.34,3419069.96,70724.7
202406,1,Lexus,Japan,101,ES,Sedan,Luxury Sedan,ICE/Hybrid,5,128,47334.12,6058767.37,167816.02
202406,1,Lexus,Japan,102,IS,Sedan,Luxury Compact,ICE,5,53,43817.91,2322349.35,63131.12
202406,1,Lexus,Japan,103,RX,SUV,Midsize SUV,Hybrid,5,418,55545.85,23218164.71,449244.91
202406,1,Lexus,Japan,104,NX,SUV,Compact SUV,Hybrid,5,266,49071.45,13053006.11,182258.12
202406,1,Lexus,Japan,105,GX,SUV,Off-road SUV,ICE,5,139,70280.04,9768925.59,107591.39
202406,1,Lexus,Japan,106,LX,SUV,Full-size SUV,ICE,5,18,99613.98,1793051.58,18564.57
202406,1,Lexus,Japan,107,UX,SUV,Subcompact SUV,Hybrid,5,119,36334.44,4323798.89,56993.77
202406,1,Lexus,Japan,108,RZ,SUV,EV SUV,BEV,5,119,55922.49,6654776.14,140443.11
202406,2,BMW,Germany,201,3 Series,Sedan,Luxury Compact,ICE/PHEV,1,2162,56214.89,121536582.32,3807470.86
202406,2,BMW,Germany,202,5 Series,Sedan,Luxury Sedan,ICE/PHEV,1,1002,64556.95,64686063.17,2159272.03
202406,2,BMW,Germany,203,7 Series,Sedan,Flagship Sedan,ICE/PHEV,1,223,96695.14,21563016.29,391010.92
202406,2,BMW,Germany,204,X3,SUV,Compact SUV,ICE/PHEV,1,2713,54100.43,146774474.35,4469297.8
202406,2,BMW,Germany,205,X5,SUV,Midsize SUV,ICE/PHEV,1,1824,70758.01,129062608.6,2126405.71
202406,2,BMW,Germany,206,X7,SUV,Full-size SUV,ICE,1,588,101302.02,59565587.9,523441.6
202406,2,BMW,Germany,207,i4,Sedan,EV Sedan,BEV,1,515,52721.71,27151680.74,986767.41
202406,2,BMW,Germany,208,iX,SUV,EV SUV,BEV,1,733,91400.52,66996578.3,647277.97
202406,2,BMW,Germany,201,3 Series,Sedan,Luxury Compact,ICE/PHEV,2,1651,50282.49,83016395.09,2748043.28
202406,2,BMW,Germany,202,5 Series,Sedan,Luxury Sedan,ICE/PHEV,2,1294,76724.69,99281752.89,1871834.23
202406,2,BMW,Germany,203,7 Series,Sedan,Flagship Sedan,ICE/PHEV,2,20,113863.85,2277276.91,32138.98
202406,2,BMW,Germany,204,X3,SUV,Compact SUV,ICE/PHEV,2,1659,51864.63,86043424.71,1772344.79
202406,2,BMW,Germany,205,X5,SUV,Midsize SUV,ICE/PHEV,2,1985,94344.06,187272965.79,3528260.29
202406,2,BMW,Germany,206,X7,SUV,Full-size SUV,ICE,2,547,95772.58,52387598.91,556259.97
202406,2,BMW,Germany,207,i4,Sedan,EV Sedan,BEV,2,654,60303.36,39438394.81,963154.77
202406,2,BMW,Germany,208,iX,SUV,EV SUV,BEV,2,730,86952.67,63475448.15,978614.8
202406,2,BMW,Germany,201,3 Series,Sedan,Luxury Compact,ICE/PHEV,3,1491,50857.27,75828194.15,2320249.58
202406,2,BMW,Germany,202,5 Series,Sedan,Luxury Sedan,ICE/PHEV,3,1259,73040.66,91958189.84,1943833.06
202406,2,BMW,Germany,203,7 Series,Sedan,Flagship Sedan,ICE/PHEV,3,670,99461.71,66639345.99,961324.88
202406,2,BMW,Germany,204,X3,SUV,Compact SUV,ICE/PHEV,3,1963,58415.94,114670496.19,2706863.13
202406,2,BMW,Germany,205,X5,SUV,Midsize SUV,ICE/PHEV,3,1818,85209.01,154909981.15,2355960.5
202406,2,BMW,Germany,206,X7,SUV,Full-size SUV,ICE,3,427,112602.56,48081294.77,540817.81
202406,2,BMW,Germany,207,i4,Sedan,EV Sedan,BEV,3,529,65815.61,34816456.7,523082.59
202406,2,BMW,Germany,208,iX,SUV,EV SUV,BEV,3,383,82599.14,31635469.83,445053.76
202406,2,BMW,Germany,201,3 Series,Sedan,Luxury Compact,ICE/PHEV,4,383,54546.02,20891125.88,466814.42
202406,2,BMW,Germany,202,5 Series,Sedan,Luxury Sedan,ICE/PHEV,4,261,65640.54,17132180.79,256481.16
202406,2,BMW,Germany,203,7 Series,Sedan,Flagship Sedan,ICE/PHEV,4,83,126919.36,10534306.98,84397.33
202406,2,BMW,Germany,204,X3,SUV,Compact SUV,ICE/PHEV,4,453,63384.16,28713022.86,568731.86
202406,2,BMW,Germany,205,X5,SUV,Midsize SUV,ICE/PHEV,4,444,72555.68,32214722.33,467284.47
202406,2,BMW,Germany,206,X7,SUV,Full-size SUV,ICE,4,5,102906.82,514534.08,6662.32
202406,2,BMW,Germany,207,i4,Sedan,EV Sedan,BEV,4,116,59852.24,6942860.23,134966.0
202406,2,BMW,Germany,208,iX,SUV,EV SUV,BEV,4,85,105770.77,8990515.25,57633.07
202406,2,BMW,Germany,201,3 Series,Sedan,Luxury Compact,ICE/PHEV,5,400,51191.59,20476636.35,553621.98
202406,2,BMW,Germany,202,5 Series,Sedan,Luxury Sedan,ICE/PHEV,5,239,68408.32,16349587.67,417967.51
202406,2,BMW,Germany,203,7 Series,Sedan,Flagship Sedan,ICE/PHEV,5,64,115006.97,7360446.06,98748.75
202406,2,BMW,Germany,204,X3,SUV,Compact SUV,ICE/PHEV,5,376,50185.56,18869771.73,315432.51
202406,2,BMW,Germany,205,X5,SUV,Midsize SUV,ICE/PHEV,5,373,68586.55,25582782.3,459365.05
202406,2,BMW,Germany,206,X7,SUV,Full-size SUV,ICE,5,132,112452.27,14843699.52,135426.02
202406,2,BMW,Germany,207,i4,Sedan,EV Sedan,BEV,5,134,62580.22,8385749.74,164887.08
202406,2,BMW,Germany,208,iX,SUV,EV SUV,BEV,5,112,81026.03,9074915.36,147588.23
202407,1,Lexus,Japan,101,ES,Sedan,Luxury Sedan,ICE/Hybrid,1,965,47536.56,45872782.15,1158238.94
202407,1,Lexus,Japan,102,IS,Sedan,Luxury Compact,ICE,1,415,48636.85,20184291.58,675226.41
202407,1,Lexus,Japan,103,RX,SUV,Midsize SUV,Hybrid,1,2126,57930.01,123159195.74,1078317.45
202407,1,Lexus,Japan,104,NX,SUV,Compact SUV,Hybrid,1,1467,46862.81,68747736.59,2388615.14
202407,1,Lexus,Japan,105,GX,SUV,Off-road SUV,ICE,1,760,67904.72,51607590.91,1078563.66
202407,1,Lexus,Japan,106,LX,SUV,Full-size SUV,ICE,1,369,104823.92,38680024.92,633072.64
202407,1,Lexus,Japan,107,UX,SUV,Subcompact SUV,Hybrid,1,568,39825.65,22620971.4,795064.31
202407,1,Lexus,Japan,108,RZ,SUV,EV SUV,BEV,1,210,59888.32,12576547.75,364774.42
202407,1,Lexus,Japan,101,ES,Sedan,Luxury Sedan,ICE/Hybrid,2,804,53845.2,43291542.63,1224239.26
202407,1,Lexus,Japan,102,IS,Sedan,Luxury Compact,ICE,2,409,49805.4,20370409.1,650035.91
202407,1,Lexus,Japan,103,RX,SUV,Midsize SUV,Hybrid,2,1762,63049.02,111092376.91,1795208.83
202407,1,Lexus,Japan,104,NX,SUV,Compact SUV,Hybrid,2,1262,47994.58,60569159.17,1659437.23
202407,1,Lexus,Japan,105,GX,SUV,Off-road SUV,ICE,2,588,77038.21,45298466.03,711517.71
202407,1,Lexus,Japan,106,LX,SUV,Full-size SUV,ICE,2,193,113835.04,21970163.43,165967.53
202407,1,Lexus,Japan,107,UX,SUV,Subcompact SUV,Hybrid,2,716,39157.62,28036855.49,542795.64
202407,1,Lexus,Japan,108,RZ,SUV,EV SUV,BEV,2,286,57526.28,16452515.38,423640.64
202407,1,Lexus,Japan,101,ES,Sedan,Luxury Sedan,ICE/Hybrid,3,853,47487.51,40506849.72,1259663.86
202407,1,Lexus,Japan,102,IS,Sedan,Luxury Compact,ICE,3,212,50156.18,10633110.88,301938.31
202407,1,Lexus,Japan,103,RX,SUV,Midsize SUV,Hybrid,3,1807,59165.95,106912870.97,1622443.1
202407,1,Lexus,Japan,104,NX,SUV,Compact SUV,Hybrid,3,1201,44665.29,53643013.04,926060.26
202407,1,Lexus,Japan,105,GX,SUV,Off-road SUV,ICE,3,866,62782.68,54369804.41,970107.68
202407,1,Lexus,Japan,106,LX,SUV,Full-size SUV,ICE,3,66,95754.16,6319774.79,70943.12
202407,1,Lexus,Japan,107,UX,SUV,Subcompact SUV,Hybrid,3,502,38515.41,19334735.51,421111.34
202407,1,Lexus,Japan,108,RZ,SUV,EV SUV,BEV,3,513,53331.2,27358904.57,426612.11
202407,1,Lexus,Japan,101,ES,Sedan,Luxury Sedan,ICE/Hybrid,4,192,52791.04,10135880.12,249550.83
202407,1,Lexus,Japan,102,IS,Sedan,Luxury Compact,ICE,4,75,49954.54,3746590.81,89353.0
202407,1,Lexus,Japan,103,RX,SUV,Midsize SUV,Hybrid,4,412,60802.34,25050565.9,406425.35
202407,1,Lexus,Japan,104,NX,SUV,Compact SUV,Hybrid,4,231,46340.53,10704661.63,247083.53
202407,1,Lexus,Japan,105,GX,SUV,Off-road SUV,ICE,4,116,70878.41,8221895.58,65018.77
202407,1,Lexus,Japan,106,LX,SUV,Full-size SUV,ICE,4,36,102612.93,3694065.36,36074.1
202407,1,Lexus,Japan,107,UX,SUV,Subcompact SUV,Hybrid,4,153,44490.62,6807065.09,187027.97
202407,1,Lexus,Japan,108,RZ,SUV,EV SUV,BEV,4,75,61908.05,4643103.74,42982.04
202407,1,Lexus,Japan,101,ES,Sedan,Luxury Sedan,ICE/Hybrid,5,157,46916.7,7365922.37,220769.06
202407,1,Lexus,Japan,102,IS,Sedan,Luxury Compact,ICE,5,34,45458.96,1545604.64,45585.35
202407,1,Lexus,Japan,103,RX,SUV,Midsize SUV,Hybrid,5,403,56020.99,22576459.42,311307.03
202407,1,Lexus,Japan,104,NX,SUV,Compact SUV,Hybrid,5,268,40932.24,10969840.98,218720.59
202407,1,Lexus,Japan,105,GX,SUV,Off-road SUV,ICE,5,125,69446.97,8680870.78,82679.83
202407,1,Lexus,Japan,106,LX,SUV,Full-size SUV,ICE,5,84,109127.08,9166674.31,112747.18
202407,1,Lexus,Japan,107,UX,SUV,Subcompact SUV,Hybrid,5,156,39272.42,6126498.2,186963.43
202407,1,Lexus,Japan,108,RZ,SUV,EV SUV,BEV,5,63,53589.47,3376136.69,62854.87
202407,2,BMW,Germany,201,3 Series,Sedan,Luxury Compact,ICE/PHEV,1,2427,57442.23,139412289.18,3760626.46
202407,2,BMW,Germany,202,5 Series,Sedan,Luxury Sedan,ICE/PHEV,1,1444,72511.81,104707058.52,2133073.83
202407,2,BMW,Germany,203,7 Series,Sedan,Flagship Sedan,ICE/PHEV,1,47,101565.71,4773588.54,87522.07
202407,2,BMW,Germany,204,X3,SUV,Compact SUV,ICE/PHEV,1,2178,57931.87,126175613.33,2787626.83
202407,2,BMW,Germany,205,X5,SUV,Midsize SUV,ICE/PHEV,1,2467,88005.56,217109714.61,3351368.15
202407,2,BMW,Germany,206,X7,SUV,Full-size SUV,ICE,1,725,110331.26,79990162.36,728350.35
202407,2,BMW,Germany,207,i4,Sedan,EV Sedan,BEV,1,413,56234.61,23224895.99,609351.09
202407,2,BMW,Germany,208,iX,SUV,EV SUV,BEV,1,379,99361.34,37657947.84,517170.66
202407,2,BMW,Germany,201,3 Series,Sedan,Luxury Compact,ICE/PHEV,2,2033,49399.73,100429654.56,3572377.9
202407,2,BMW,Germany,202,5 Series,Sedan,Luxury Sedan,ICE/PHEV,2,1025,78656.72,80623143.04,1626092.44
202407,2,BMW,Germany,203,7 Series,Sedan,Flagship Sedan,ICE/PHEV,2,384,107133.54,41139279.88,561309.52
202407,2,BMW,Germany,204,X3,SUV,Compact SUV,ICE/PHEV,2,2042,60804.82,124163433.26,2091483.23
202407,2,BMW,Germany,205,X5,SUV,Midsize SUV,ICE/PHEV,2,2148,79894.92,171614281.48,1707169.44
202407,2,BMW,Germany,206,X7,SUV,Full-size SUV,ICE,2,566,106203.61,60111243.86,812601.36
202407,2,BMW,Germany,207,i4,Sedan,EV Sedan,BEV,2,388,58294.87,22618410.0,537813.8
202407,2,BMW,Germany,208,iX,SUV,EV SUV,BEV,2,234,95160.98,22267669.96,198316.77
202407,2,BMW,Germany,201,3 Series,Sedan,Luxury Compact,ICE/PHEV,3,1699,54194.3,92076113.03,2726649.0
202407,2,BMW,Germany,202,5 Series,Sedan,Luxury Sedan,ICE/PHEV,3,1084,65683.0,71200373.8,1116631.85
202407,2,BMW,Germany,203,7 Series,Sedan,Flagship Sedan,ICE/PHEV,3,411,99348.37,40832178.12,680442.25
202407,2,BMW,Germany,204,X3,SUV,Compact SUV,ICE/PHEV,3,1981,51140.05,101308443.5,2226513.61
202407,2,BMW,Germany,205,X5,SUV,Midsize SUV,ICE/PHEV,3,1958,86117.41,168617897.11,1945556.5
202407,2,BMW,Germany,206,X7,SUV,Full-size SUV,ICE,3,560,96021.31,53771932.29,573000.86
202407,2,BMW,Germany,207,i4,Sedan,EV Sedan,BEV,3,878,55453.41,48688092.31,1200827.17
202407,2,BMW,Germany,208,iX,SUV,EV SUV,BEV,3,249,97008.6,24155142.2,298732.55
202407,2,BMW,Germany,201,3 Series,Sedan,Luxury Compact,ICE/PHEV,4,458,61087.75,27978187.71,653295.99
202407,2,BMW,Germany,202,5 Series,Sedan,Luxury Sedan,ICE/PHEV,4,185,77816.51,14396054.55,280846.74
202407,2,BMW,Germany,203,7 Series,Sedan,Flagship Sedan,ICE/PHEV,4,82,104288.13,8551626.8,116076.63
202407,2,BMW,Germany,204,X3,SUV,Compact SUV,ICE/PHEV,4,363,56029.27,20338624.54,288166.11
202407,2,BMW,Germany,205,X5,SUV,Midsize SUV,ICE/PHEV,4,411,90392.79,37151434.64,393159.49
202407,2,BMW,Germany,206,X7,SUV,Full-size SUV,ICE,4,108,121364.91,13107410.41,127105.53
202407,2,BMW,Germany,207,i4,Sedan,EV Sedan,BEV,4,151,69668.5,10519943.78,210609.34
202407,2,BMW,Germany,208,iX,SUV,EV SUV,BEV,4,132,104624.82,13810476.37,121340.16
202407,2,BMW,Germany,201,3 Series,Sedan,Luxury Compact,ICE/PHEV,5,340,48778.81,16584796.83,383348.49
202407,2,BMW,Germany,202,5 Series,Sedan,Luxury Sedan,ICE/PHEV,5,300,70012.44,21003732.28,463646.28
202407,2,BMW,Germany,203,7 Series,Sedan,Flagship Sedan,ICE/PHEV,5,2,111491.21,222982.43,2386.11
202407,2,BMW,Germany,204,X3,SUV,Compact SUV,ICE/PHEV,5,465,52016.3,24187577.51,319443.31
202407,2,BMW,Germany,205,X5,SUV,Midsize SUV,ICE/PHEV,5,380,81025.82,30789813.44,245494.88
202407,2,BMW,Germany,206,X7,SUV,Full-size SUV,ICE,5,122,106072.34,12940824.93,127774.51
202407,2,BMW,Germany,207,i4,Sedan,EV Sedan,BEV,5,135,66229.57,8940991.68,140564.86
202407,2,BMW,Germany,208,iX,SUV,EV SUV,BEV,5,146,88813.62,12966788.92,204711.88
202408,1,Lexus,Japan,101,ES,Sedan,Luxury Sedan,ICE/Hybrid,1,1186,51417.65,60981331.93,2103674.24
202408,1,Lexus,Japan,102,IS,Sedan,Luxury Compact,ICE,1,478,50391.35,24087066.16,576401.56
202408,1,Lexus,Japan,103,RX,SUV,Midsize SUV,Hybrid,1,2205,59457.27,131103270.56,3131638.87
202408,1,Lexus,Japan,104,NX,SUV,Compact SUV,Hybrid,1,1448,50295.95,72828541.52,1799624.9
202408,1,Lexus,Japan,105,GX,SUV,Off-road SUV,ICE,1,765,65082.21,49787891.01,794079.34
202408,1,Lexus,Japan,106,LX,SUV,Full-size SUV,ICE,1,188,104088.08,19568559.21,311669.36
202408,1,Lexus,Japan,107,UX,SUV,Subcompact SUV,Hybrid,1,639,36331.26,23215674.97,955981.55
202408,1,Lexus,Japan,108,RZ,SUV,EV SUV,BEV,1,131,59190.6,7753968.78,181852.31
202408,1,Lexus,Japan,101,ES,Sedan,Luxury Sedan,ICE/Hybrid,2,921,53441.17,49219314.99,1928253.16
202408,1,Lexus,Japan,102,IS,Sedan,Luxury Compact,ICE,2,654,48945.99,32010674.41,1014294.02
202408,1,Lexus,Japan,103,RX,SUV,Midsize SUV,Hybrid,2,1942,65757.97,127701976.82,2090853.65
202408,1,Lexus,Japan,104,NX,SUV,Compact SUV,Hybrid,2,1132,50773.38,57475470.37,700319.9
202408,1,Lexus,Japan,105,GX,SUV,Off-road SUV,ICE,2,486,72914.71,35436549.01,814403.26
202408,1,Lexus,Japan,106,LX,SUV,Full-size SUV,ICE,2,197,106300.22,20941143.6,249195.54
202408,1,Lexus,Japan,107,UX,SUV,Subcompact SUV,Hybrid,2,437,39069.67,17073445.94,506488.08
202408,1,Lexus,Japan,108,RZ,SUV,EV SUV,BEV,2,391,61814.04,24169289.62,246746.77
202408,1,Lexus,Japan,101,ES,Sedan,Luxury Sedan,ICE/Hybrid,3,985,46501.01,45803491.71,1019987.8
202408,1,Lexus,Japan,102,IS,Sedan,Luxury Compact,ICE,3,501,44589.15,22339163.7,893114.11
202408,1,Lexus,Japan,103,RX,SUV,Midsize SUV,Hybrid,3,1803,53573.19,96592459.35,1986835.5
202408,1,Lexus,Japan,104,NX,SUV,Compact SUV,Hybrid,3,1305,49267.1,64293559.02,1253992.42
202408,1,Lexus,Japan,105,GX,SUV,Off-road SUV,ICE,3,569,71385.0,40618067.3,619323.91
202408,1,Lexus,Japan,106,LX,SUV,Full-size SUV,ICE,3,190,109813.29,20864524.95,203881.91
202408,1,Lexus,Japan,107,UX,SUV,Subcompact SUV,Hybrid,3,658,38350.1,25234362.87,497155.05
202408,1,Lexus,Japan,108,RZ,SUV,EV SUV,BEV,3,149,55550.67,8277049.74,191582.77
202408,1,Lexus,Japan,101,ES,Sedan,Luxury Sedan,ICE/Hybrid,4,155,53960.37,8363856.85,161985.79
202408,1,Lexus,Japan,102,IS,Sedan,Luxury Compact,ICE,4,105,48732.31,5116892.29,132590.2
202408,1,Lexus,Japan,103,RX,SUV,Midsize SUV,Hybrid,4,390,60742.82,23689699.19,444042.75
202408,1,Lexus,Japan,104,NX,SUV,Compact SUV,Hybrid,4,278,52311.25,14542526.26,232466.57
202408,1,Lexus,Japan,105,GX,SUV,Off-road SUV,ICE,4,127,70759.39,8986442.24,107552.78
202408,1,Lexus,Japan,106,LX,SUV,Full-size SUV,ICE,4,96,104053.06,9989094.0,104232.89
202408,1,Lexus,Japan,107,UX,SUV,Subcompact SUV,Hybrid,4,138,42512.35,5866704.88,195066.98
202408,1,Lexus,Japan,108,RZ,SUV,EV SUV,BEV,4,31,61783.17,1915278.2,30196.6
202408,1,Lexus,Japan,101,ES,Sedan,Luxury Sedan,ICE/Hybrid,5,172,46744.57,8040066.47,321989.75
202408,1,Lexus,Japan,102,IS,Sedan,Luxury Compact,ICE,5,95,44326.46,4211013.97,114846.91
202408,1,Lexus,Japan,103,RX,SUV,Midsize SUV,Hybrid,5,424,55966.58,23729827.95,438968.79
202408,1,Lexus,Japan,104,NX,SUV,Compact SUV,Hybrid,5,264,44389.28,11718770.41,364991.75
202408,1,Lexus,Japan,105,GX,SUV,Off-road SUV,ICE,5,116,67142.27,7788503.07,125638.98
202408,1,Lexus,Japan,106,LX,SUV,Full-size SUV,ICE,5,55,97180.55,5344930.18,58562.17
202408,1,Lexus,Japan,107,UX,SUV,Subcompact SUV,Hybrid,5,97,37631.38,3650244.12,129082.8
202408,1,Lexus,Japan,108,RZ,SUV,EV SUV,BEV,5,97,51709.55,5015826.05,100907.24
202408,2,BMW,Germany,201,3 Series,Sedan,Luxury Compact,ICE/PHEV,1,1595,48047.06,76635065.36,2628282.88
202408,2,BMW,Germany,202,5 Series,Sedan,Luxury Sedan,ICE/PHEV,1,1269,66479.18,84362085.66,1988890.68
202408,2,BMW,Germany,203,7 Series,Sedan,Flagship Sedan,ICE/PHEV,1,567,117270.53,66492388.72,884765.52
202408,2,BMW,Germany,204,X3,SUV,Compact SUV,ICE/PHEV,1,2576,55269.81,142375035.56,3295425.51
202408,2,BMW,Germany,205,X5,SUV,Midsize SUV,ICE/PHEV,1,2554,88644.75,226398703.12,3060130.41
202408,2,BMW,Germany,206,X7,SUV,Full-size SUV,ICE,1,297,108799.18,32313355.43,428177.48
202408,2,BMW,Germany,207,i4,Sedan,EV Sedan,BEV,1,802,63548.1,50965579.3,1232951.93
202408,2,BMW,Germany,208,iX,SUV,EV SUV,BEV,1,740,95673.57,70798445.46,585893.61
202408,2,BMW,Germany,201,3 Series,Sedan,Luxury Compact,ICE/PHEV,2,1994,52386.16,104458010.79,2760629.65
202408,2,BMW,Germany,202,5 Series,Sedan,Luxury Sedan,ICE/PHEV,2,1332,78647.98,104759109.01,2308568.73
202408,2,BMW,Germany,203,7 Series,Sedan,Flagship Sedan,ICE/PHEV,2,388,116840.24,45334015.02,556699.64
202408,2,BMW,Germany,204,X3,SUV,Compact SUV,ICE/PHEV,2,2276,61382.66,139706933.66,3168895.4
202408,2,BMW,Germany,205,X5,SUV,Midsize SUV,ICE/PHEV,2,1722,75273.23,129620509.21,2343882.4
202408,2,BMW,Germany,206,X7,SUV,Full-size SUV,ICE,2,195,120734.37,23543201.61,266847.48
202408,2,BMW,Germany,207,i4,Sedan,EV Sedan,BEV,2,718,62912.39,45171096.67,1356807.52
202408,2,BMW,Germany,208,iX,SUV,EV SUV,BEV,2,475,104717.38,49740756.72,543108.52
202408,2,BMW,Germany,201,3 Series,Sedan,Luxury Compact,ICE/PHEV,3,1928,54136.1,104374395.82,2212079.73
202408,2,BMW,Germany,202,5 Series,Sedan,Luxury Sedan,ICE/PHEV,3,1266,63660.95,80594765.05,1712229.22
202408,2,BMW,Germany,203,7 Series,Sedan,Flagship Sedan,ICE/PHEV,3,158,99443.2,15712025.76,160068.38
202408,2,BMW,Germany,204,X3,SUV,Compact SUV,ICE/PHEV,3,2048,52830.92,108197731.55,1272854.7
202408,2,BMW,Germany,205,X5,SUV,Midsize SUV,ICE/PHEV,3,2077,82775.55,171924814.02,1720547.73
202408,2,BMW,Germany,206,X7,SUV,Full-size SUV,ICE,3,554,88821.99,49207380.65,680760.79
202408,2,BMW,Germany,207,i4,Sedan,EV Sedan,BEV,3,667,54082.3,36072897.36,935159.65
202408,2,BMW,Germany,208,iX,SUV,EV SUV,BEV,3,402,85211.55,34255042.12,494952.74
202408,2,BMW,Germany,201,3 Series,Sedan,Luxury Compact,ICE/PHEV,4,415,51135.05,21221046.73,583000.2
202408,2,BMW,Germany,202,5 Series,Sedan,Luxury Sedan,ICE/PHEV,4,250,78533.49,19633373.1,307861.64
202408,2,BMW,Germany,203,7 Series,Sedan,Flagship Sedan,ICE/PHEV,4,73,108262.09,7903132.39,97506.45
202408,2,BMW,Germany,204,X3,SUV,Compact SUV,ICE/PHEV,4,477,58897.54,28094126.5,480393.37
202408,2,BMW,Germany,205,X5,SUV,Midsize SUV,ICE/PHEV,4,451,76680.67,34582983.54,382285.05
202408,2,BMW,Germany,206,X7,SUV,Full-size SUV,ICE,4,64,119566.62,7652263.68,46152.12
202408,2,BMW,Germany,207,i4,Sedan,EV Sedan,BEV,4,165,73997.64,12209610.24,137662.95
202408,2,BMW,Germany,208,iX,SUV,EV SUV,BEV,4,55,93523.24,5143778.04,72698.06
202408,2,BMW,Germany,201,3 Series,Sedan,Luxury Compact,ICE/PHEV,5,447,51028.72,22809839.15,588887.83
202408,2,BMW,Germany,202,5 Series,Sedan,Luxury Sedan,ICE/PHEV,5,210,68549.91,14395480.25,291975.05
202408,2,BMW,Germany,203,7 Series,Sedan,Flagship Sedan,ICE/PHEV,5,107,94032.08,10061432.19,118617.45
202408,2,BMW,Germany,204,X3,SUV,Compact SUV,ICE/PHEV,5,486,52855.59,25687817.84,273056.72
202408,2,BMW,Germany,205,X5,SUV,Midsize SUV,ICE/PHEV,5,412,64579.76,26606859.97,369321.45
202408,2,BMW,Germany,206,X7,SUV,Full-size SUV,ICE,5,121,98464.49,11914203.34,135068.24
202408,2,BMW,Germany,207,i4,Sedan,EV Sedan,BEV,5,58,52421.01,3040418.31,60691.55
202408,2,BMW,Germany,208,iX,SUV,EV SUV,BEV,5,109,93729.24,10216487.38,135994.09
202409,1,Lexus,Japan,101,ES,Sedan,Luxury Sedan,ICE/Hybrid,1,996,51853.55,51646136.6,1783039.89
202409,1,Lexus,Japan,102,IS,Sedan,Luxury Compact,ICE,1,507,45547.09,23092376.14,429824.98
202409,1,Lexus,Japan,103,RX,SUV,Midsize SUV,Hybrid,1,2046,59524.45,121787033.5,985969.54
202409,1,Lexus,Japan,104,NX,SUV,Compact SUV,Hybrid,1,1158,46172.54,53467796.8,1855082.08
202409,1,Lexus,Japan,105,GX,SUV,Off-road SUV,ICE,1,659,64150.12,42274927.04,604170.45
202409,1,Lexus,Japan,106,LX,SUV,Full-size SUV,ICE,1,281,91875.43,25816996.58,450274.14
202409,1,Lexus,Japan,107,UX,SUV,Subcompact SUV,Hybrid,1,528,41093.87,21697563.64,860889.51
202409,1,Lexus,Japan,108,RZ,SUV,EV SUV,BEV,1,385,57058.98,21967708.15,381955.14
202409,1,Lexus,Japan,101,ES,Sedan,Luxury Sedan,ICE/Hybrid,2,762,50480.03,38465782.61,1448605.64
202409,1,Lexus,Japan,102,IS,Sedan,Luxury Compact,ICE,2,354,50029.77,17710539.94,428168.81
202409,1,Lexus,Japan,103,RX,SUV,Midsize SUV,Hybrid,2,1885,58984.06,111184955.36,1884237.12
202409,1,Lexus,Japan,104,NX,SUV,Compact SUV,Hybrid,2,1275,53830.04,68633301.16,1560226.06
202409,1,Lexus,Japan,105,GX,SUV,Off-road SUV,ICE,2,390,75286.02,29361548.14,255414.29
202409,1,Lexus,Japan,106,LX,SUV,Full-size SUV,ICE,2,190,98453.21,18706108.96,142364.33
202409,1,Lexus,Japan,107,UX,SUV,Subcompact SUV,Hybrid,2,432,42047.43,18164489.64,420216.89
202409,1,Lexus,Japan,108,RZ,SUV,EV SUV,BEV,2,452,57148.84,25831275.77,768508.83
202409,1,Lexus,Japan,101,ES,Sedan,Luxury Sedan,ICE/Hybrid,3,866,49248.89,42649541.76,1054907.84
202409,1,Lexus,Japan,102,IS,Sedan,Luxury Compact,ICE,3,521,50171.74,26139475.45,628268.55
202409,1,Lexus,Japan,103,RX,SUV,Midsize SUV,Hybrid,3,1623,54169.26,87916702.0,1666611.19
202409,1,Lexus,Japan,104,NX,SUV,Compact SUV,Hybrid,3,1147,47897.83,54938813.95,1363950.6
202409,1,Lexus,Japan,105,GX,SUV,Off-road SUV,ICE,3,640,64692.07,41402922.53,678439.59
202409,1,Lexus,Japan,106,LX,SUV,Full-size SUV,ICE,3,120,99006.4,11880767.64,151106.69
202409,1,Lexus,Japan,107,UX,SUV,Subcompact SUV,Hybrid,3,664,38348.63,25463492.6,671299.43
202409,1,Lexus,Japan,108,RZ,SUV,EV SUV,BEV,3,159,53108.42,8444238.19,232415.39
202409,1,Lexus,Japan,101,ES,Sedan,Luxury Sedan,ICE/Hybrid,4,141,52311.43,7375911.83,162091.83
202409,1,Lexus,Japan,102,IS,Sedan,Luxury Compact,ICE,4,119,52595.43,6258856.38,135900.96
202409,1,Lexus,Japan,103,RX,SUV,Midsize SUV,Hybrid,4,326,62740.73,20453479.42,262937.45
202409,1,Lexus,Japan,104,NX,SUV,Compact SUV,Hybrid,4,254,49447.7,12559715.13,174739.63
202409,1,Lexus,Japan,105,GX,SUV,Off-road SUV,ICE,4,164,78066.65,12802930.94,175326.6
202409,1,Lexus,Japan,106,LX,SUV,Full-size SUV,ICE,4,62,96895.69,6007532.84,71488.11
202409,1,Lexus,Japan,107,UX,SUV,Subcompact SUV,Hybrid,4,116,43423.88,5037169.95,120454.65
202409,1,Lexus,Japan,108,RZ,SUV,EV SUV,BEV,4,48,62836.11,3016133.13,45201.22
202409,1,Lexus,Japan,101,ES,Sedan,Luxury Sedan,ICE/Hybrid,5,156,44727.09,6977426.77,162072.63
202409,1,Lexus,Japan,102,IS,Sedan,Luxury Compact,ICE,5,150,48353.65,7253047.99,211193.41
202409,1,Lexus,Japan,103,RX,SUV,Midsize SUV,Hybrid,5,351,55402.28,19446199.3,490575.63
202409,1,Lexus,Japan,104,NX,SUV,Compact SUV,Hybrid,5,225,44411.33,9992549.24,229012.5
202409,1,Lexus,Japan,105,GX,SUV,Off-road SUV,ICE,5,131,71474.04,9363099.29,138054.45
202409,1,Lexus,Japan,106,LX,SUV,Full-size SUV,ICE,5,54,97471.52,5263461.96,47503.06
202409,1,Lexus,Japan,107,UX,SUV,Subcompact SUV,Hybrid,5,75,36614.83,2746112.56,84095.86
202409,1,Lexus,Japan,108,RZ,SUV,EV SUV,BEV,5,88,54163.75,4766410.36,74987.26
202409,2,BMW,Germany,201,3 Series,Sedan,Luxury Compact,ICE/PHEV,1,2164,57741.8,124953250.29,3276937.07
202409,2,BMW,Germany,202,5 Series,Sedan,Luxury Sedan,ICE/PHEV,1,1480,64521.01,95491094.14,2280456.07
202409,2,BMW,Germany,203,7 Series,Sedan,Flagship Sedan,ICE/PHEV,1,142,107363.29,15245587.69,263073.47
202409,2,BMW,Germany,204,X3,SUV,Compact SUV,ICE/PHEV,1,2035,56480.38,114937582.03,3243897.03
202409,2,BMW,Germany,205,X5,SUV,Midsize SUV,ICE/PHEV,1,2470,82520.69,203826112.46,3460502.19
202409,2,BMW,Germany,206,X7,SUV,Full-size SUV,ICE,1,85,100656.54,8555805.48,127628.38
202409,2,BMW,Germany,207,i4,Sedan,EV Sedan,BEV,1,791,64901.53,51337111.42,1139082.86
202409,2,BMW,Germany,208,iX,SUV,EV SUV,BEV,1,433,88503.38,38321963.62,453159.55
202409,2,BMW,Germany,201,3 Series,Sedan,Luxury Compact,ICE/PHEV,2,1668,57979.13,96709189.81,2524428.52
202409,2,BMW,Germany,202,5 Series,Sedan,Luxury Sedan,ICE/PHEV,2,1173,75709.37,88807092.81,1614968.87
202409,2,BMW,Germany,203,7 Series,Sedan,Flagship Sedan,ICE/PHEV,2,329,119268.9,39239468.91,443926.33
202409,2,BMW,Germany,204,X3,SUV,Compact SUV,ICE/PHEV,2,1545,59691.93,92224024.66,1295094.48
202409,2,BMW,Germany,205,X5,SUV,Midsize SUV,ICE/PHEV,2,1841,78598.15,144699192.37,2334784.97
202409,2,BMW,Germany,206,X7,SUV,Full-size SUV,ICE,2,278,110853.77,30817347.48,312122.95
202409,2,BMW,Germany,207,i4,Sedan,EV Sedan,BEV,2,729,57962.55,42254696.05,1269289.36
202409,2,BMW,Germany,208,iX,SUV,EV SUV,BEV,2,837,86366.96,72289143.4,1115447.71
202409,2,BMW,Germany,201,3 Series,Sedan,Luxury Compact,ICE/PHEV,3,1849,50212.11,92842188.08,1599196.77
202409,2,BMW,Germany,202,5 Series,Sedan,Luxury Sedan,ICE/PHEV,3,1255,63620.48,79843703.77,1809251.14
202409,2,BMW,Germany,203,7 Series,Sedan,Flagship Sedan,ICE/PHEV,3,112,94796.32,10617188.35,122127.39
202409,2,BMW,Germany,204,X3,SUV,Compact SUV,ICE/PHEV,3,1701,56176.68,95556534.09,2228380.81
202409,2,BMW,Germany,205,X5,SUV,Midsize SUV,ICE/PHEV,3,2025,86588.98,175342684.47,2143585.41
202409,2,BMW,Germany,206,X7,SUV,Full-size SUV,ICE,3,576,103835.62,59809317.9,540516.95
202409,2,BMW,Germany,207,i4,Sedan,EV Sedan,BEV,3,417,64612.29,26943325.64,581255.63
202409,2,BMW,Germany,208,iX,SUV,EV SUV,BEV,3,465,95252.96,44292628.44,515997.3
202409,2,BMW,Germany,201,3 Series,Sedan,Luxury Compact,ICE/PHEV,4,376,51387.8,19321812.26,397520.77
202409,2,BMW,Germany,202,5 Series,Sedan,Luxury Sedan,ICE/PHEV,4,247,64748.58,15992899.15,282583.96
202409,2,BMW,Germany,203,7 Series,Sedan,Flagship Sedan,ICE/PHEV,4,97,127519.89,12369429.06,143577.11
202409,2,BMW,Germany,204,X3,SUV,Compact SUV,ICE/PHEV,4,413,62515.25,25818796.93,330552.53
202409,2,BMW,Germany,205,X5,SUV,Midsize SUV,ICE/PHEV,4,355,78480.49,27860572.44,368522.3
202409,2,BMW,Germany,206,X7,SUV,Full-size SUV,ICE,4,41,97662.9,4004178.91,46832.15
202409,2,BMW,Germany,207,i4,Sedan,EV Sedan,BEV,4,175,60748.01,10630901.95,227128.44
202409,2,BMW,Germany,208,iX,SUV,EV SUV,BEV,4,96,95927.48,9209037.76,93363.81
202409,2,BMW,Germany,201,3 Series,Sedan,Luxury Compact,ICE/PHEV,5,357,46236.33,16506369.14,622567.53
202409,2,BMW,Germany,202,5 Series,Sedan,Luxury Sedan,ICE/PHEV,5,255,65062.51,16590940.21,348007.79
202409,2,BMW,Germany,203,7 Series,Sedan,Flagship Sedan,ICE/PHEV,5,98,113898.79,11162080.98,126990.89
202409,2,BMW,Germany,204,X3,SUV,Compact SUV,ICE/PHEV,5,408,56684.11,23127118.1,383383.99
202409,2,BMW,Germany,205,X5,SUV,Midsize SUV,ICE/PHEV,5,390,84791.91,33068843.97,331598.97
202409,2,BMW,Germany,206,X7,SUV,Full-size SUV,ICE,5,77,89549.96,6895347.07,82613.18
202409,2,BMW,Germany,207,i4,Sedan,EV Sedan,BEV,5,126,52306.63,6590635.72,169193.76
202409,2,BMW,Germany,208,iX,SUV,EV SUV,BEV,5,89,87889.17,7822136.37,88983.97
202410,1,Lexus,Japan,101,ES,Sedan,Luxury Sedan,ICE/Hybrid,1,816,49561.21,40441951.32,1332148.65
202410,1,Lexus,Japan,102,IS,Sedan,Luxury Compact,ICE,1,821,49640.47,40754826.82,1163476.35
202410,1,Lexus,Japan,103,RX,SUV,Midsize SUV,Hybrid,1,1884,62433.46,117624644.06,2603088.43
202410,1,Lexus,Japan,104,NX,SUV,Compact SUV,Hybrid,1,1136,43859.74,49824669.41,1603403.09
202410,1,Lexus,Japan,105,GX,SUV,Off-road SUV,ICE,1,527,70226.89,37009570.84,793824.49
202410,1,Lexus,Japan,106,LX,SUV,Full-size SUV,ICE,1,129,101066.4,13037565.65,151778.42
202410,1,Lexus,Japan,107,UX,SUV,Subcompact SUV,Hybrid,1,665,36624.91,24355564.46,1115749.33
202410,1,Lexus,Japan,108,RZ,SUV,EV SUV,BEV,1,262,56894.26,14906295.08,389429.77
202410,1,Lexus,Japan,101,ES,Sedan,Luxury Sedan,ICE/Hybrid,2,923,50347.74,46470961.61,1461811.03
202410,1,Lexus,Japan,102,IS,Sedan,Luxury Compact,ICE,2,763,49111.81,37472311.69,1236256.22
202410,1,Lexus,Japan,103,RX,SUV,Midsize SUV,Hybrid,2,1488,57334.62,85313916.28,2009918.55
202410,1,Lexus,Japan,104,NX,SUV,Compact SUV,Hybrid,2,1037,50964.17,52849844.25,1794306.43
202410,1,Lexus,Japan,105,GX,SUV,Off-road SUV,ICE,2,491,74735.25,36695009.26,360580.0
202410,1,Lexus,Japan,106,LX,SUV,Full-size SUV,ICE,2,129,119433.6,15406934.24,98668.78
202410,1,Lexus,Japan,107,UX,SUV,Subcompact SUV,Hybrid,2,383,43320.48,16591745.21,447937.15
202410,1,Lexus,Japan,108,RZ,SUV,EV SUV,BEV,2,246,58717.01,14444385.47,418871.96
202410,1,Lexus,Japan,101,ES,Sedan,Luxury Sedan,ICE/Hybrid,3,867,49132.07,42597501.63,1128479.78
202410,1,Lexus,Japan,102,IS,Sedan,Luxury Compact,ICE,3,543,46469.33,25232846.23,667132.29
202410,1,Lexus,Japan,103,RX,SUV,Midsize SUV,Hybrid,3,1617,59727.81,96579868.72,1779395.32
202410,1,Lexus,Japan,104,NX,SUV,Compact SUV,Hybrid,3,1034,46917.69,48512892.52,1368181.2
202410,1,Lexus,Japan,105,GX,SUV,Off-road SUV,ICE,3,579,67921.57,39326587.39,565894.25
202410,1,Lexus,Japan,106,LX,SUV,Full-size SUV,ICE,3,250,107644.98,26911244.82,304360.03
202410,1,Lexus,Japan,107,UX,SUV,Subcompact SUV,Hybrid,3,304,37803.1,11492142.81,382382.91
202410,1,Lexus,Japan,108,RZ,SUV,EV SUV,BEV,3,266,58721.87,15620016.37,364587.43
202410,1,Lexus,Japan,101,ES,Sedan,Luxury Sedan,ICE/Hybrid,4,210,53566.55,11248975.59,255611.73
202410,1,Lexus,Japan,102,IS,Sedan,Luxury Compact,ICE,4,75,54459.99,4084499.1,73505.12
202410,1,Lexus,Japan,103,RX,SUV,Midsize SUV,Hybrid,4,360,58130.82,20927096.2,356466.35
202410,1,Lexus,Japan,104,NX,SUV,Compact SUV,Hybrid,4,240,47254.08,11340979.59,335321.46
202410,1,Lexus,Japan,105,GX,SUV,Off-road SUV,ICE,4,118,76053.0,8974253.68,124727.93
202410,1,Lexus,Japan,106,LX,SUV,Full-size SUV,ICE,4,32,101331.79,3242617.22,22483.79
202410,1,Lexus,Japan,107,UX,SUV,Subcompact SUV,Hybrid,4,72,43038.25,3098754.2,55821.89
202410,1,Lexus,Japan,108,RZ,SUV,EV SUV,BEV,4,63,58380.8,3677990.56,59987.35
202410,1,Lexus,Japan,101,ES,Sedan,Luxury Sedan,ICE/Hybrid,5,164,44837.74,7353388.9,153961.48
202410,1,Lexus,Japan,102,IS,Sedan,Luxury Compact,ICE,5,74,43037.12,3184746.53,93489.77
202410,1,Lexus,Japan,103,RX,SUV,Midsize SUV,Hybrid,5,350,57537.18,20138014.05,279904.22
202410,1,Lexus,Japan,104,NX,SUV,Compact SUV,Hybrid,5,267,47086.78,12572169.98,310646.02
202410,1,Lexus,Japan,105,GX,SUV,Off-road SUV,ICE,5,100,65364.4,6536440.18,123967.96
202410,1,Lexus,Japan,106,LX,SUV,Full-size SUV,ICE,5,14,93210.29,1304944.02,15267.69
202410,1,Lexus,Japan,107,UX,SUV,Subcompact SUV,Hybrid,5,130,36657.56,4765482.86,162561.7
202410,1,Lexus,Japan,108,RZ,SUV,EV SUV,BEV,5,71,56419.28,4005769.2,36552.63
202410,2,BMW,Germany,201,3 Series,Sedan,Luxury Compact,ICE/PHEV,1,1746,57111.7,99717030.65,3080819.17
202410,2,BMW,Germany,202,5 Series,Sedan,Luxury Sedan,ICE/PHEV,1,1353,61004.67,82539318.78,2467331.55
202410,2,BMW,Germany,203,7 Series,Sedan,Flagship Sedan,ICE/PHEV,1,342,98328.04,33628190.46,576231.84
202410,2,BMW,Germany,204,X3,SUV,Compact SUV,ICE/PHEV,1,2175,59846.33,130165761.6,2106543.4
202410,2,BMW,Germany,205,X5,SUV,Midsize SUV,ICE/PHEV,1,2234,71556.71,159857685.79,2613114.51
202410,2,BMW,Germany,206,X7,SUV,Full-size SUV,ICE,1,684,104939.95,71778924.93,1135230.03
202410,2,BMW,Germany,207,i4,Sedan,EV Sedan,BEV,1,623,58781.24,36620709.41,1217253.93
202410,2,BMW,Germany,208,iX,SUV,EV SUV,BEV,1,123,84494.45,10392817.34,177870.76
202410,2,BMW,Germany,201,3 Series,Sedan,Luxury Compact,ICE/PHEV,2,1516,52677.09,79858472.44,2715513.94
202410,2,BMW,Germany,202,5 Series,Sedan,Luxury Sedan,ICE/PHEV,2,1126,64045.77,72115540.28,2413163.66
202410,2,BMW,Germany,203,7 Series,Sedan,Flagship Sedan,ICE/PHEV,2,626,126241.89,79027425.98,859591.81
202410,2,BMW,Germany,204,X3,SUV,Compact SUV,ICE/PHEV,2,1751,51724.39,90569402.77,1886605.25
202410,2,BMW,Germany,205,X5,SUV,Midsize SUV,ICE/PHEV,2,1378,90965.17,125350002.44,701858.29
202410,2,BMW,Germany,206,X7,SUV,Full-size SUV,ICE,2,504,111770.61,56332387.19,651339.12
202410,2,BMW,Germany,207,i4,Sedan,EV Sedan,BEV,2,679,69635.43,47282458.63,1347030.96
202410,2,BMW,Germany,208,iX,SUV,EV SUV,BEV,2,540,95562.49,51603744.54,822288.92
202410,2,BMW,Germany,201,3 Series,Sedan,Luxury Compact,ICE/PHEV,3,1561,50572.24,78943260.79,2892122.31
202410,2,BMW,Germany,202,5 Series,Sedan,Luxury Sedan,ICE/PHEV,3,1191,66465.22,79160071.29,1720256.1
202410,2,BMW,Germany,203,7 Series,Sedan,Flagship Sedan,ICE/PHEV,3,347,103370.45,35869546.55,557475.27
202410,2,BMW,Germany,204,X3,SUV,Compact SUV,ICE/PHEV,3,1882,50724.19,95462933.43,1023314.05
202410,2,BMW,Germany,205,X5,SUV,Midsize SUV,ICE/PHEV,3,1682,69039.68,116124743.3,976599.97
202410,2,BMW,Germany,206,X7,SUV,Full-size SUV,ICE,3,532,105902.31,56340028.98,594846.02
202410,2,BMW,Germany,207,i4,Sedan,EV Sedan,BEV,3,588,63199.68,37161411.05,674450.7
202410,2,BMW,Germany,208,iX,SUV,EV SUV,BEV,3,337,84550.13,28493393.56,383731.7
202410,2,BMW,Germany,201,3 Series,Sedan,Luxury Compact,ICE/PHEV,4,307,59189.01,18171024.86,242237.66
202410,2,BMW,Germany,202,5 Series,Sedan,Luxury Sedan,ICE/PHEV,4,200,64375.5,12875100.45,272469.43
202410,2,BMW,Germany,203,7 Series,Sedan,Flagship Sedan,ICE/PHEV,4,64,133478.32,8542612.53,74542.52
202410,2,BMW,Germany,204,X3,SUV,Compact SUV,ICE/PHEV,4,424,54660.31,23175972.43,534412.08
202410,2,BMW,Germany,205,X5,SUV,Midsize SUV,ICE/PHEV,4,364,85354.84,31069162.05,396872.16
202410,2,BMW,Germany,206,X7,SUV,Full-size SUV,ICE,4,125,121731.89,15216486.73,119068.77
202410,2,BMW,Germany,207,i4,Sedan,EV Sedan,BEV,4,134,72830.35,9759266.79,129037.05
202410,2,BMW,Germany,208,iX,SUV,EV SUV,BEV,4,122,92502.36,11285288.41,120781.98
202410,2,BMW,Germany,201,3 Series,Sedan,Luxury Compact,ICE/PHEV,5,319,45771.15,14600996.77,482606.14
202410,2,BMW,Germany,202,5 Series,Sedan,Luxury Sedan,ICE/PHEV,5,254,64518.82,16387779.81,276179.3
202410,2,BMW,Germany,203,7 Series,Sedan,Flagship Sedan,ICE/PHEV,5,110,116861.78,12854795.38,114522.04
202410,2,BMW,Germany,204,X3,SUV,Compact SUV,ICE/PHEV,5,388,48618.9,18864132.73,386296.56
202410,2,BMW,Germany,205,X5,SUV,Midsize SUV,ICE/PHEV,5,309,65768.02,20322318.1,291889.69
202410,2,BMW,Germany,206,X7,SUV,Full-size SUV,ICE,5,82,106182.48,8706963.17,92429.95
202410,2,BMW,Germany,207,i4,Sedan,EV Sedan,BEV,5,123,61230.58,7531361.92,157939.27
202410,2,BMW,Germany,208,iX,SUV,EV SUV,BEV,5,155,90850.68,14081854.67,149084.87
202411,1,Lexus,Japan,101,ES,Sedan,Luxury Sedan,ICE/Hybrid,1,941,50780.6,47784548.41,1045232.18
202411,1,Lexus,Japan,102,IS,Sedan,Luxury Compact,ICE,1,298,46122.73,13744572.13,355672.19
202411,1,Lexus,Japan,103,RX,SUV,Midsize SUV,Hybrid,1,1750,58854.94,102996144.7,1882908.03
202411,1,Lexus,Japan,104,NX,SUV,Compact SUV,Hybrid,1,1291,47715.7,61600965.92,1547230.9
202411,1,Lexus,Japan,105,GX,SUV,Off-road SUV,ICE,1,530,67659.87,35859731.31,605706.65
202411,1,Lexus,Japan,106,LX,SUV,Full-size SUV,ICE,1,47,104629.78,4917599.84,56274.55
202411,1,Lexus,Japan,107,UX,SUV,Subcompact SUV,Hybrid,1,625,40321.3,25200810.11,873326.64
202411,1,Lexus,Japan,108,RZ,SUV,EV SUV,BEV,1,438,58741.46,25728759.01,473857.54
202411,1,Lexus,Japan,101,ES,Sedan,Luxury Sedan,ICE/Hybrid,2,625,53203.59,33252241.84,1110932.76
202411,1,Lexus,Japan,102,IS,Sedan,Luxury Compact,ICE,2,501,51611.9,25857563.71,658190.89
202411,1,Lexus,Japan,103,RX,SUV,Midsize SUV,Hybrid,2,1710,59899.69,102428468.43,2315440.63
202411,1,Lexus,Japan,104,NX,SUV,Compact SUV,Hybrid,2,891,53173.14,47377265.7,654619.11
202411,1,Lexus,Japan,105,GX,SUV,Off-road SUV,ICE,2,521,72740.38,37897737.35,827073.25
202411,1,Lexus,Japan,106,LX,SUV,Full-size SUV,ICE,2,128,95822.47,12265275.92,156829.98
202411,1,Lexus,Japan,107,UX,SUV,Subcompact SUV,Hybrid,2,710,39016.06,27701401.67,1225972.04
202411,1,Lexus,Japan,108,RZ,SUV,EV SUV,BEV,2,94,62648.1,5888921.87,112404.34
202411,1,Lexus,Japan,101,ES,Sedan,Luxury Sedan,ICE/Hybrid,3,948,48030.48,45532891.79,1492148.54
202411,1,Lexus,Japan,102,IS,Sedan,Luxury Compact,ICE,3,266,50433.86,13415405.82,363296.27
202411,1,Lexus,Japan,103,RX,SUV,Midsize SUV,Hybrid,3,1721,57525.29,99001019.9,1482444.92
202411,1,Lexus,Japan,104,NX,SUV,Compact SUV,Hybrid,3,965,43235.06,41721835.61,1220099.87
202411,1,Lexus,Japan,105,GX,SUV,Off-road SUV,ICE,3,548,67600.79,37045234.3,545466.35
202411,1,Lexus,Japan,106,LX,SUV,Full-size SUV,ICE,3,189,104933.87,19832500.76,236820.27
202411,1,Lexus,Japan,107,UX,SUV,Subcompact SUV,Hybrid,3,380,40155.4,15259053.86,364650.05
202411,1,Lexus,Japan,108,RZ,SUV,EV SUV,BEV,3,163,53233.55,8677068.89,195885.97
202411,1,Lexus,Japan,101,ES,Sedan,Luxury Sedan,ICE/Hybrid,4,155,54766.03,8488734.34,181207.07
202411,1,Lexus,Japan,102,IS,Sedan,Luxury Compact,ICE,4,90,49847.97,4486317.56,95350.41
202411,1,Lexus,Japan,103,RX,SUV,Midsize SUV,Hybrid,4,379,59851.71,22683799.47,330449.5
202411,1,Lexus,Japan,104,NX,SUV,Compact SUV,Hybrid,4,276,50967.48,14067025.52,301499.51
202411,1,Lexus,Japan,105,GX,SUV,Off-road SUV,ICE,4,110,75719.87,8329185.27,95457.42
202411,1,Lexus,Japan,106,LX,SUV,Full-size SUV,ICE,4,4,100339.07,401356.27,4102.2
202411,1,Lexus,Japan,107,UX,SUV,Subcompact SUV,Hybrid,4,65,44313.99,2880409.06,50600.97
202411,1,Lexus,Japan,108,RZ,SUV,EV SUV,BEV,4,31,61832.86,1916818.52,17163.96
202411,1,Lexus,Japan,101,ES,Sedan,Luxury Sedan,ICE/Hybrid,5,155,47071.24,7296042.14,201152.77
202411,1,Lexus,Japan,102,IS,Sedan,Luxury Compact,ICE,5,102,45655.98,4656909.83,159912.43
202411,1,Lexus,Japan,103,RX,SUV,Midsize SUV,Hybrid,5,316,53436.01,16885780.12,337751.08
202411,1,Lexus,Japan,104,NX,SUV,Compact SUV,Hybrid,5,254,43465.14,11040146.15,303086.68
202411,1,Lexus,Japan,105,GX,SUV,Off-road SUV,ICE,5,88,61199.93,5385594.12,104083.37
202411,1,Lexus,Japan,106,LX,SUV,Full-size SUV,ICE,5,48,92481.56,4439114.94,60084.73
202411,1,Lexus,Japan,107,UX,SUV,Subcompact SUV,Hybrid,5,96,37045.9,3556406.16,95429.49
202411,1,Lexus,Japan,108,RZ,SUV,EV SUV,BEV,5,51,56715.01,2892465.51,46080.26
202411,2,BMW,Germany,201,3 Series,Sedan,Luxury Compact,ICE/PHEV,1,1728,52682.32,91035048.19,3281379.27
202411,2,BMW,Germany,202,5 Series,Sedan,Luxury Sedan,ICE/PHEV,1,1162,65940.98,76623417.33,1725103.2
202411,2,BMW,Germany,203,7 Series,Sedan,Flagship Sedan,ICE/PHEV,1,346,98898.6,34218916.92,591471.87
202411,2,BMW,Germany,204,X3,SUV,Compact SUV,ICE/PHEV,1,1848,59951.11,110789648.13,2502244.68
202411,2,BMW,Germany,205,X5,SUV,Midsize SUV,ICE/PHEV,1,1767,79824.42,141049750.89,2337776.86
202411,2,BMW,Germany,206,X7,SUV,Full-size SUV,ICE,1,649,114803.24,74507305.9,955776.47
202411,2,BMW,Germany,207,i4,Sedan,EV Sedan,BEV,1,680,63158.49,42947771.6,1081749.29
202411,2,BMW,Germany,208,iX,SUV,EV SUV,BEV,1,620,97461.39,60426063.35,781947.64
202411,2,BMW,Germany,201,3 Series,Sedan,Luxury Compact,ICE/PHEV,2,1214,53997.38,65552823.81,1895260.96
202411,2,BMW,Germany,202,5 Series,Sedan,Luxury Sedan,ICE/PHEV,2,1316,77066.8,101419911.85,1916435.52
202411,2,BMW,Germany,203,7 Series,Sedan,Flagship Sedan,ICE/PHEV,2,397,104588.3,41521553.65,509156.72
202411,2,BMW,Germany,204,X3,SUV,Compact SUV,ICE/PHEV,2,1618,61998.83,100314101.0,1285531.29
202411,2,BMW,Germany,205,X5,SUV,Midsize SUV,ICE/PHEV,2,1573,80175.57,126116169.28,2135834.47
202411,2,BMW,Germany,206,X7,SUV,Full-size SUV,ICE,2,604,124445.94,75165349.27,786366.98
202411,2,BMW,Germany,207,i4,Sedan,EV Sedan,BEV,2,438,67213.8,29439644.92,743229.36
202411,2,BMW,Germany,208,iX,SUV,EV SUV,BEV,2,540,100340.4,54183818.27,582239.67
202411,2,BMW,Germany,201,3 Series,Sedan,Luxury Compact,ICE/PHEV,3,1616,54391.81,87897163.41,2043418.16
202411,2,BMW,Germany,202,5 Series,Sedan,Luxury Sedan,ICE/PHEV,3,1504,66065.62,99362690.55,2314509.84
202411,2,BMW,Germany,203,7 Series,Sedan,Flagship Sedan,ICE/PHEV,3,44,118546.38,5216040.94,74152.23
202411,2,BMW,Germany,204,X3,SUV,Compact SUV,ICE/PHEV,3,1918,57745.17,110755242.63,2091316.39
202411,2,BMW,Germany,205,X5,SUV,Midsize SUV,ICE/PHEV,3,1555,87289.3,135734861.11,2268023.96
202411,2,BMW,Germany,206,X7,SUV,Full-size SUV,ICE,3,482,115595.63,55717095.66,418450.25
202411,2,BMW,Germany,207,i4,Sedan,EV Sedan,BEV,3,511,58412.81,29848947.59,740383.37
202411,2,BMW,Germany,208,iX,SUV,EV SUV,BEV,3,70,86403.51,6048245.39,82992.43
202411,2,BMW,Germany,201,3 Series,Sedan,Luxury Compact,ICE/PHEV,4,381,52753.19,20098967.06,561772.49
202411,2,BMW,Germany,202,5 Series,Sedan,Luxury Sedan,ICE/PHEV,4,237,67384.05,15970019.03,330283.14
202411,2,BMW,Germany,203,7 Series,Sedan,Flagship Sedan,ICE/PHEV,4,108,126302.33,13640652.17,136939.87
202411,2,BMW,Germany,204,X3,SUV,Compact SUV,ICE/PHEV,4,348,62586.64,21780151.91,403286.79
202411,2,BMW,Germany,205,X5,SUV,Midsize SUV,ICE/PHEV,4,340,93386.6,31751443.94,422291.02
202411,2,BMW,Germany,206,X7,SUV,Full-size SUV,ICE,4,105,121939.87,12803686.29,113907.87
202411,2,BMW,Germany,207,i4,Sedan,EV Sedan,BEV,4,83,71940.57,5971067.02,135433.74
202411,2,BMW,Germany,208,iX,SUV,EV SUV,BEV,4,48,95832.34,4599952.16,52924.78
202411,2,BMW,Germany,201,3 Series,Sedan,Luxury Compact,ICE/PHEV,5,282,48793.98,13759901.22,371817.05
202411,2,BMW,Germany,202,5 Series,Sedan,Luxury Sedan,ICE/PHEV,5,208,60505.23,12585087.74,225530.81
202411,2,BMW,Germany,203,7 Series,Sedan,Flagship Sedan,ICE/PHEV,5,109,113400.26,12360628.04,134423.61
202411,2,BMW,Germany,204,X3,SUV,Compact SUV,ICE/PHEV,5,379,47282.7,17920141.71,279394.47
202411,2,BMW,Germany,205,X5,SUV,Midsize SUV,ICE/PHEV,5,305,73859.92,22527276.54,364487.41
202411,2,BMW,Germany,206,X7,SUV,Full-size SUV,ICE,5,136,98247.36,13361640.56,127384.67
202411,2,BMW,Germany,207,i4,Sedan,EV Sedan,BEV,5,99,57469.16,5689446.86,111940.97
202411,2,BMW,Germany,208,iX,SUV,EV SUV,BEV,5,132,86466.81,11413619.3,160737.1
202412,1,Lexus,Japan,101,ES,Sedan,Luxury Sedan,ICE/Hybrid,1,907,50695.86,45981146.48,1862257.64
202412,1,Lexus,Japan,102,IS,Sedan,Luxury Compact,ICE,1,824,49699.82,40952655.53,1349984.5
202412,1,Lexus,Japan,103,RX,SUV,Midsize SUV,Hybrid,1,2084,58600.29,122123012.43,2185665.79
202412,1,Lexus,Japan,104,NX,SUV,Compact SUV,Hybrid,1,1356,45813.08,62122530.22,1791904.89
202412,1,Lexus,Japan,105,GX,SUV,Off-road SUV,ICE,1,952,75817.22,72177997.38,1572743.87
202412,1,Lexus,Japan,106,LX,SUV,Full-size SUV,ICE,1,322,90803.73,29238802.63,406094.45
202412,1,Lexus,Japan,107,UX,SUV,Subcompact SUV,Hybrid,1,575,41224.4,23704030.14,666467.08
202412,1,Lexus,Japan,108,RZ,SUV,EV SUV,BEV,1,340,57196.44,19446790.47,440580.74
202412,1,Lexus,Japan,101,ES,Sedan,Luxury Sedan,ICE/Hybrid,2,730,50648.1,36973110.82,748648.85
202412,1,Lexus,Japan,102,IS,Sedan,Luxury Compact,ICE,2,369,53575.14,19769227.45,477226.86
202412,1,Lexus,Japan,103,RX,SUV,Midsize SUV,Hybrid,2,1992,61455.04,122418433.86,2098612.73
202412,1,Lexus,Japan,104,NX,SUV,Compact SUV,Hybrid,2,1192,44227.48,52719155.52,1147140.21
202412,1,Lexus,Japan,105,GX,SUV,Off-road SUV,ICE,2,804,72630.65,58395041.74,1055212.88
202412,1,Lexus,Japan,106,LX,SUV,Full-size SUV,ICE,2,180,103826.14,18688705.27,184496.22
202412,1,Lexus,Japan,107,UX,SUV,Subcompact SUV,Hybrid,2,580,38858.01,22537645.38,488821.76
202412,1,Lexus,Japan,108,RZ,SUV,EV SUV,BEV,2,593,61643.67,36554694.01,729211.59
202412,1,Lexus,Japan,101,ES,Sedan,Luxury Sedan,ICE/Hybrid,3,837,46949.46,39296700.72,1198780.4
202412,1,Lexus,Japan,102,IS,Sedan,Luxury Compact,ICE,3,473,48947.93,23152372.79,692684.09
202412,1,Lexus,Japan,103,RX,SUV,Midsize SUV,Hybrid,3,1899,53741.22,102054584.94,2244900.98
202412,1,Lexus,Japan,104,NX,SUV,Compact SUV,Hybrid,3,1185,42874.78,50806617.63,1220716.92
202412,1,Lexus,Japan,105,GX,SUV,Off-road SUV,ICE,3,721,65706.95,47374713.34,666726.01
202412,1,Lexus,Japan,106,LX,SUV,Full-size SUV,ICE,3,436,93253.69,40658607.15,484728.68
202412,1,Lexus,Japan,107,UX,SUV,Subcompact SUV,Hybrid,3,512,38202.51,19559686.13,525338.38
202412,1,Lexus,Japan,108,RZ,SUV,EV SUV,BEV,3,377,54244.75,20450270.13,245164.36
202412,1,Lexus,Japan,101,ES,Sedan,Luxury Sedan,ICE/Hybrid,4,157,53782.41,8443838.63,161333.75
202412,1,Lexus,Japan,102,IS,Sedan,Luxury Compact,ICE,4,82,48902.91,4010038.6,80162.47
202412,1,Lexus,Japan,103,RX,SUV,Midsize SUV,Hybrid,4,410,58477.74,23975873.97,490863.69
202412,1,Lexus,Japan,104,NX,SUV,Compact SUV,Hybrid,4,265,49704.34,13171650.23,245060.71
202412,1,Lexus,Japan,105,GX,SUV,Off-road SUV,ICE,4,176,78939.98,13893436.23,68234.55
202412,1,Lexus,Japan,106,LX,SUV,Full-size SUV,ICE,4,81,100627.68,8150842.14,75923.67
202412,1,Lexus,Japan,107,UX,SUV,Subcompact SUV,Hybrid,4,137,44217.26,6057763.94,150878.99
202412,1,Lexus,Japan,108,RZ,SUV,EV SUV,BEV,4,72,62621.26,4508730.82,52701.02
202412,1,Lexus,Japan,101,ES,Sedan,Luxury Sedan,ICE/Hybrid,5,183,45679.01,8359258.62,240311.01
202412,1,Lexus,Japan,102,IS,Sedan,Luxury Compact,ICE,5,109,47317.55,5157612.91,130388.42
202412,1,Lexus,Japan,103,RX,SUV,Midsize SUV,Hybrid,5,404,59293.89,23954731.29,397524.07
202412,1,Lexus,Japan,104,NX,SUV,Compact SUV,Hybrid,5,272,47840.7,13012669.92,204355.93
202412,1,Lexus,Japan,105,GX,SUV,Off-road SUV,ICE,5,161,68739.75,11067100.32,119677.56
202412,1,Lexus,Japan,106,LX,SUV,Full-size SUV,ICE,5,24,105606.71,2534560.98,22122.07
202412,1,Lexus,Japan,107,UX,SUV,Subcompact SUV,Hybrid,5,125,37772.57,4721570.82,116801.08
202412,1,Lexus,Japan,108,RZ,SUV,EV SUV,BEV,5,102,55173.07,5627652.71,98943.11
202412,2,BMW,Germany,201,3 Series,Sedan,Luxury Compact,ICE/PHEV,1,2547,49021.89,124858752.21,3873444.63
202412,2,BMW,Germany,202,5 Series,Sedan,Luxury Sedan,ICE/PHEV,1,1716,60674.46,104117379.6,3185214.36
202412,2,BMW,Germany,203,7 Series,Sedan,Flagship Sedan,ICE/PHEV,1,235,97158.45,22832235.16,362311.18
202412,2,BMW,Germany,204,X3,SUV,Compact SUV,ICE/PHEV,1,2381,55145.42,131301238.5,3217482.63
202412,2,BMW,Germany,205,X5,SUV,Midsize SUV,ICE/PHEV,1,2079,80724.71,167826663.9,2059588.84
202412,2,BMW,Germany,206,X7,SUV,Full-size SUV,ICE,1,250,117699.38,29424844.22,352793.49
202412,2,BMW,Germany,207,i4,Sedan,EV Sedan,BEV,1,924,64224.62,59343545.77,1746168.97
202412,2,BMW,Germany,208,iX,SUV,EV SUV,BEV,1,748,99205.49,74205706.23,654751.45
202412,2,BMW,Germany,201,3 Series,Sedan,Luxury Compact,ICE/PHEV,2,1779,58895.04,104774279.46,2924991.04
202412,2,BMW,Germany,202,5 Series,Sedan,Luxury Sedan,ICE/PHEV,2,1483,73129.89,108451625.11,2163784.46
202412,2,BMW,Germany,203,7 Series,Sedan,Flagship Sedan,ICE/PHEV,2,274,109035.81,29875813.01,591479.74
202412,2,BMW,Germany,204,X3,SUV,Compact SUV,ICE/PHEV,2,1937,51977.4,100680222.63,2099804.64
202412,2,BMW,Germany,205,X5,SUV,Midsize SUV,ICE/PHEV,2,1725,80806.91,139391914.4,1634062.78
202412,2,BMW,Germany,206,X7,SUV,Full-size SUV,ICE,2,893,102228.72,91290249.05,924016.32
202412,2,BMW,Germany,207,i4,Sedan,EV Sedan,BEV,2,813,65709.83,53422095.42,1436159.95
202412,2,BMW,Germany,208,iX,SUV,EV SUV,BEV,2,616,87313.55,53785145.13,753748.38
202412,2,BMW,Germany,201,3 Series,Sedan,Luxury Compact,ICE/PHEV,3,1945,50713.52,98637800.4,2921412.35
202412,2,BMW,Germany,202,5 Series,Sedan,Luxury Sedan,ICE/PHEV,3,1349,64892.08,87539417.11,1742985.88
202412,2,BMW,Germany,203,7 Series,Sedan,Flagship Sedan,ICE/PHEV,3,277,103109.67,28561378.25,333840.05
202412,2,BMW,Germany,204,X3,SUV,Compact SUV,ICE/PHEV,3,2050,52492.1,107608814.47,2661322.32
202412,2,BMW,Germany,205,X5,SUV,Midsize SUV,ICE/PHEV,3,2425,74911.35,181660025.72,2083245.44
202412,2,BMW,Germany,206,X7,SUV,Full-size SUV,ICE,3,562,115562.91,64946354.7,620705.39
202412,2,BMW,Germany,207,i4,Sedan,EV Sedan,BEV,3,527,61922.53,32633171.36,484311.86
202412,2,BMW,Germany,208,iX,SUV,EV SUV,BEV,3,385,80717.41,31076201.43,296600.25
202412,2,BMW,Germany,201,3 Series,Sedan,Luxury Compact,ICE/PHEV,4,408,54163.21,22098590.18,558403.02
202412,2,BMW,Germany,202,5 Series,Sedan,Luxury Sedan,ICE/PHEV,4,289,67760.26,19582716.3,364077.47
202412,2,BMW,Germany,203,7 Series,Sedan,Flagship Sedan,ICE/PHEV,4,69,131930.61,9103212.43,68569.41
202412,2,BMW,Germany,204,X3,SUV,Compact SUV,ICE/PHEV,4,456,53923.13,24588946.12,427156.48
202412,2,BMW,Germany,205,X5,SUV,Midsize SUV,ICE/PHEV,4,479,95839.22,45906984.11,644206.72
202412,2,BMW,Germany,206,X7,SUV,Full-size SUV,ICE,4,107,115890.31,12400262.9,156090.04
202412,2,BMW,Germany,207,i4,Sedan,EV Sedan,BEV,4,89,57343.33,5103556.43,124255.98
202412,2,BMW,Germany,208,iX,SUV,EV SUV,BEV,4,143,91669.29,13108708.93,108803.26
202412,2,BMW,Germany,201,3 Series,Sedan,Luxury Compact,ICE/PHEV,5,401,45251.93,18146024.32,573634.65
202412,2,BMW,Germany,202,5 Series,Sedan,Luxury Sedan,ICE/PHEV,5,263,65091.31,17119015.12,276907.88
202412,2,BMW,Germany,203,7 Series,Sedan,Flagship Sedan,ICE/PHEV,5,98,95310.02,9340382.38,112021.39
202412,2,BMW,Germany,204,X3,SUV,Compact SUV,ICE/PHEV,5,429,53588.22,22989345.66,526553.15
202412,2,BMW,Germany,205,X5,SUV,Midsize SUV,ICE/PHEV,5,466,67036.43,31238974.58,617016.76
202412,2,BMW,Germany,206,X7,SUV,Full-size SUV,ICE,5,118,109850.19,12962322.96,126463.23
202412,2,BMW,Germany,207,i4,Sedan,EV Sedan,BEV,5,127,61521.54,7813235.78,204440.48
202412,2,BMW,Germany,208,iX,SUV,EV SUV,BEV,5,138,78027.96,10767858.37,144459.79
